minute,GHI_Wm2
0,0.0
1,0.0
2,0.0
3,0.0
4,0.0
5,0.0
6,0.0
7,0.0
8,0.0
9,0.0
10,0.0
11,0.0
12,0.0
13,0.0
14,0.0
15,0.0
16,0.0
17,0.0
18,0.0
19,0.0
20,0.0
21,0.0
22,0.0
23,0.0
24,0.0
25,0.0
26,0.0
27,0.0
28,0.0
29,0.0
30,0.0
31,0.0
32,0.0
33,0.0
34,0.0
35,0.0
36,0.0
37,0.0
38,0.0
39,0.0
40,0.0
41,0.0
42,0.0
43,0.0
44,0.0
45,0.0
46,0.0
47,0.0
48,0.0
49,0.0
50,0.0
51,0.0
52,0.0
53,0.0
54,0.0
55,0.0
56,0.0
57,0.0
58,0.0
59,0.0
60,0.0
61,0.0
62,0.0
63,0.0
64,0.0
65,0.0
66,0.0
67,0.0
68,0.0
69,0.0
70,0.0
71,0.0
72,0.0
73,0.0
74,0.0
75,0.0
76,0.0
77,0.0
78,0.0
79,0.0
80,0.0
81,0.0
82,0.0
83,0.0
84,0.0
85,0.0
86,0.0
87,0.0
88,0.0
89,0.0
90,0.0
91,0.0
92,0.0
93,0.0
94,0.0
95,0.0
96,0.0
97,0.0
98,0.0
99,0.0
100,0.0
101,0.0
102,0.0
103,0.0
104,0.0
105,0.0
106,0.0
107,0.0
108,0.0
109,0.0
110,0.0
111,0.0
112,0.0
113,0.0
114,0.0
115,0.0
116,0.0
117,0.0
118,0.0
119,0.0
120,0.0
121,0.0
122,0.0
123,0.0
124,0.0
125,0.0
126,0.0
127,0.0
128,0.0
129,0.0
130,0.0
131,0.0
132,0.0
133,0.0
134,0.0
135,0.0
136,0.0
137,0.0
138,0.0
139,0.0
140,0.0
141,0.0
142,0.0
143,0.0
144,0.0
145,0.0
146,0.0
147,0.0
148,0.0
149,0.0
150,0.0
151,0.0
152,0.0
153,0.0
154,0.0
155,0.0
156,0.0
157,0.0
158,0.0
159,0.0
160,0.0
161,0.0
162,0.0
163,0.0
164,0.0
165,0.0
166,0.0
167,0.0
168,0.0
169,0.0
170,0.0
171,0.0
172,0.0
173,0.0
174,0.0
175,0.0
176,0.0
177,0.0
178,0.0
179,0.0
180,0.0
181,0.0
182,0.0
183,0.0
184,0.0
185,0.0
186,0.0
187,0.0
188,0.0
189,0.0
190,0.0
191,0.0
192,0.0
193,0.0
194,0.0
195,0.0
196,0.0
197,0.0
198,0.0
199,0.0
200,0.0
201,0.0
202,0.0
203,0.0
204,0.0
205,0.0
206,0.0
207,0.0
208,0.0
209,0.0
210,0.0
211,0.0
212,0.0
213,0.0
214,0.0
215,0.0
216,0.0
217,0.0
218,0.0
219,0.0
220,0.0
221,0.0
222,0.0
223,0.0
224,0.0
225,0.0
226,0.0
227,0.0
228,0.0
229,0.0
230,0.0
231,0.0
232,0.0
233,0.0
234,0.0
235,0.0
236,0.0
237,0.0
238,0.0
239,0.0
240,0.0
241,0.0
242,0.0
243,0.0
244,0.0
245,0.0
246,0.0
247,0.0
248,0.0
249,0.0
250,0.0
251,0.0
252,0.0
253,0.0
254,0.0
255,0.0
256,0.0
257,0.0
258,0.0
259,0.0
260,0.0
261,0.0
262,0.0
263,0.0
264,0.0
265,0.0
266,0.0
267,0.0
268,0.0
269,0.0
270,0.0
271,0.0
272,0.0
273,0.0
274,0.0
275,0.0
276,0.0
277,0.0
278,0.0
279,0.0
280,0.0
281,0.0
282,0.0
283,0.0
284,0.0
285,0.0
286,0.0
287,0.0
288,0.0
289,0.0
290,0.0
291,0.0
292,0.0
293,0.0
294,0.0
295,0.0
296,0.0
297,0.0
298,0.0
299,0.0
300,0.0
301,0.0
302,0.0
303,0.0
304,0.0
305,0.0
306,0.0
307,0.0
308,0.0
309,0.0
310,0.0
311,0.0
312,0.0
313,0.0
314,0.0
315,0.0
316,0.0
317,0.0
318,0.0
319,0.0
320,0.0
321,0.0
322,0.0
323,0.0
324,0.0
325,0.0
326,0.0
327,0.0
328,0.0
329,0.0
330,0.0
331,0.0
332,0.0
333,0.0
334,0.0
335,0.0
336,0.0
337,0.0
338,0.0
339,0.0
340,0.0
341,0.0
342,0.0
343,0.0
344,0.0
345,0.0
346,0.0
347,0.0
348,0.0
349,0.0
350,0.0
351,0.0
352,0.0
353,0.0
354,0.0
355,0.0
356,0.0
357,0.0
358,0.0
359,0.0
360,0.0
361,0.0
362,0.0
363,0.0
364,0.0
365,0.0
366,0.0
367,0.0
368,0.0
369,0.0
370,0.0
371,0.0
372,0.0
373,0.0
374,0.0
375,0.0
376,0.0
377,0.0
378,0.0
379,0.0
380,0.0
381,0.0
382,0.0
383,0.0
384,0.0
385,0.0
386,0.0
387,0.0
388,0.0
389,0.0
390,0.0
391,0.0
392,0.0
393,0.0
394,0.0
395,0.0
396,0.0
397,0.0
398,0.0
399,0.0
400,0.0
401,0.0
402,0.0
403,0.0
404,0.0
405,0.0
406,0.0
407,0.0
408,0.0
409,0.0
410,0.0
411,0.0
412,0.0
413,0.0
414,0.0
415,0.0
416,0.0
417,0.0
418,0.0
419,0.0
420,0.0
421,0.0
422,0.0
423,0.0
424,0.0
425,0.0
426,0.0
427,0.0
428,0.0
429,0.0
430,0.019789
431,0.253305
432,0.526399
433,0.819282
434,1.17945
435,1.59899
436,1.93145
437,2.22829
438,2.50139
439,2.69533
440,2.99612
441,3.34046
442,3.75208
443,4.17557
444,5.10791
445,5.82938
446,6.46221
447,6.13756
448,6.47849
449,8.15246
450,10.9264
451,10.1664
452,8.27504
453,8.1773
454,9.94684
455,14.5686
456,16.6291
457,11.9631
458,10.1788
459,12.309
460,19.1202
461,23.7894
462,24.1408
463,16.1061
464,12.2561
465,14.7861
466,18.8193
467,22.0369
468,30.1429
469,36.8119
470,37.8882
471,37.3101
472,36.5307
473,30.4591
474,28.5444
475,34.3673
476,43.4717
477,59.3722
478,66.3221
479,76.4465
480,94.7319
481,118.855
482,138.054
483,156.355
484,154.839
485,156.965
486,154.309
487,146.833
488,133.887
489,158.9
490,156.664
491,138.074
492,128.176
493,129.854
494,122.528
495,133.42
496,154.357
497,160.286
498,159.736
499,154.191
500,160.425
501,185.467
502,194.376
503,168.705
504,160.334
505,194.846
506,201.321
507,218.526
508,245.508
509,247.882
510,256.671
511,254.103
512,266.777
513,258.439
514,255.098
515,239.232
516,244.342
517,216.363
518,216.512
519,235.623
520,261.568
521,269.215
522,274.282
523,276.316
524,290.231
525,290.735
526,295.686
527,292.503
528,298.662
529,291.235
530,298.956
531,288.011
532,281.376
533,289.849
534,301.976
535,311.369
536,280.571
537,289.511
538,315.72
539,341.456
540,354.869
541,348.34
542,344.644
543,353.707
544,277.64
545,281.014
546,303.57
547,230.462
548,301.819
549,301.778
550,302.428
551,304.658
552,305.559
553,307.363
554,310.04
555,312.785
556,315.425
557,319.654
558,319.231
559,322.072
560,323.518
561,328.62
562,329.333
563,331.104
564,335.435
565,340.211
566,342.274
567,344.739
568,347.161
569,349.356
570,350.807
571,354.351
572,357.132
573,358.553
574,359.682
575,364.468
576,367.83
577,366.964
578,371.193
579,374.471
580,377.59
581,377.368
582,381.843
583,384.172
584,387.227
585,387.483
586,391.585
587,394.056
588,394.434
589,398.28
590,401.043
591,403.497
592,405.086
593,407.582
594,410.178
595,412.079
596,413.933
597,416.536
598,419.424
599,421.546
600,424.72
601,425.44
602,428.346
603,429.38
604,431.903
605,433.755
606,436.555
607,437.774
608,439.991
609,442.774
610,443.763
611,446.435
612,448.216
613,449.127
614,450.415
615,451.611
616,454.638
617,457.372
618,459.359
619,460.307
620,461.187
621,466.172
622,466.639
623,468.241
624,466.884
625,468.906
626,470.93
627,466.316
628,471.705
629,475.68
630,472.954
631,476.417
632,485.802
633,487.13
634,490.018
635,493.163
636,496.58
637,492.168
638,494.764
639,501.005
640,499.744
641,500.57
642,502.039
643,500.94
644,502.093
645,496.806
646,479.457
647,503.598
648,508.375
649,510.931
650,469.675
651,507.309
652,514.624
653,517.718
654,518.419
655,519.449
656,520.918
657,520.986
658,521.176
659,519.327
660,523.333
661,521.988
662,524.591
663,527.249
664,530.75
665,532.0
666,531.062
667,533.45
668,533.457
669,534.63
670,528.832
671,529.822
672,535.625
673,536.57
674,539.764
675,538.844
676,536.126
677,536.312
678,540.338
679,543.913
680,546.128
681,541.565
682,545.077
683,546.192
684,546.373
685,548.379
686,548.375
687,549.489
688,550.004
689,550.811
690,550.506
691,550.727
692,552.73
693,554.24
694,553.898
695,555.365
696,555.294
697,555.382
698,556.57
699,556.43
700,557.867
701,557.799
702,556.721
703,557.231
704,558.969
705,559.845
706,559.765
707,559.825
708,560.085
709,560.925
710,559.498
711,559.417
712,561.273
713,562.205
714,560.619
715,559.076
716,558.829
717,561.564
718,562.964
719,563.925
720,564.311
721,564.071
722,563.842
723,564.325
724,564.825
725,564.841
726,564.983
727,564.96
728,566.412
729,566.099
730,565.955
731,566.312
732,564.12
733,564.069
734,563.62
735,563.573
736,563.682
737,564.075
738,563.663
739,563.582
740,564.242
741,565.01
742,564.588
743,564.164
744,563.007
745,562.481
746,562.477
747,562.359
748,562.831
749,561.017
750,559.591
751,558.988
752,558.065
753,557.425
754,558.068
755,556.973
756,554.619
757,554.159
758,555.682
759,555.548
760,557.08
761,557.425
762,556.145
763,554.35
764,553.103
765,551.515
766,549.867
767,549.208
768,550.42
769,549.734
770,549.962
771,548.897
772,547.54
773,546.676
774,544.905
775,545.395
776,544.685
777,544.419
778,543.703
779,541.934
780,541.28
781,539.415
782,538.578
783,537.845
784,537.027
785,534.874
786,533.634
787,533.399
788,532.531
789,531.333
790,528.798
791,528.097
792,527.977
793,527.124
794,526.55
795,524.5
796,524.375
797,523.925
798,522.483
799,520.673
800,520.976
801,519.937
802,517.991
803,516.668
804,514.463
805,512.1
806,510.857
807,509.718
808,509.236
809,508.48
810,506.377
811,503.596
812,502.815
813,502.05
814,501.559
815,500.563
816,498.76
817,496.372
818,494.663
819,493.931
820,494.072
821,493.102
822,490.608
823,487.949
824,486.215
825,484.883
826,483.649
827,481.952
828,481.365
829,479.984
830,478.317
831,475.65
832,474.199
833,472.706
834,471.11
835,468.316
836,465.871
837,465.327
838,464.321
839,462.853
840,461.12
841,458.687
842,457.072
843,455.066
844,453.207
845,451.093
846,448.98
847,445.59
848,442.933
849,442.152
850,439.567
851,439.071
852,438.13
853,436.764
854,434.338
855,431.242
856,429.037
857,428.83
858,426.288
859,423.122
860,421.64
861,419.443
862,416.828
863,414.096
864,412.14
865,410.424
866,408.536
867,405.688
868,403.383
869,401.197
870,399.457
871,397.624
872,395.234
873,392.945
874,390.715
875,388.587
876,385.394
877,382.58
878,380.431
879,377.85
880,375.204
881,372.491
882,369.971
883,367.955
884,365.054
885,361.766
886,359.56
887,357.399
888,354.488
889,352.17
890,349.637
891,347.296
892,344.8
893,341.904
894,339.195
895,337.146
896,334.537
897,331.896
898,329.481
899,326.693
900,324.048
901,321.591
902,318.567
903,315.452
904,312.109
905,308.922
906,305.522
907,303.334
908,301.792
909,299.621
910,296.676
911,294.653
912,292.062
913,287.966
914,285.549
915,282.685
916,280.523
917,277.725
918,274.631
919,271.147
920,267.724
921,264.384
922,261.809
923,259.546
924,257.823
925,255.548
926,252.828
927,249.822
928,246.612
929,243.401
930,240.002
931,238.212
932,236.018
933,233.616
934,225.055
935,201.674
936,166.674
937,150.009
938,182.204
939,187.985
940,199.069
941,191.364
942,168.186
943,203.262
944,194.701
945,205.326
946,178.835
947,151.581
948,157.168
949,184.138
950,186.271
951,175.383
952,174.422
953,182.269
954,182.985
955,179.467
956,174.891
957,169.888
958,164.941
959,159.706
960,154.924
961,151.463
962,147.821
963,144.783
964,142.342
965,138.98
966,135.155
967,131.925
968,129.144
969,125.922
970,123.475
971,120.347
972,112.985
973,108.82
974,109.705
975,108.73
976,106.575
977,104.398
978,101.555
979,98.1553
980,95.1784
981,92.5728
982,90.2331
983,87.7109
984,84.563
985,81.3008
986,78.6421
987,75.4032
988,70.1847
989,70.9315
990,68.1401
991,65.5166
992,62.9387
993,59.7289
994,56.8428
995,54.3798
996,52.2512
997,48.8847
998,42.322
999,33.8714
1000,25.4401
1001,19.3674
1002,17.9093
1003,17.1241
1004,16.359
1005,15.7658
1006,15.1534
1007,14.3386
1008,13.4418
1009,12.5923
1010,11.8769
1011,11.2465
1012,10.7185
1013,10.1894
1014,9.65652
1015,9.13175
1016,8.61987
1017,8.12404
1018,7.5984
1019,7.09011
1020,6.61765
1021,6.12415
1022,5.60628
1023,5.14149
1024,4.74743
1025,4.38832
1026,4.01842
1027,3.63534
1028,3.26579
1029,2.90236
1030,2.56787
1031,2.25836
1032,1.92255
1033,1.63348
1034,1.3154
1035,1.01048
1036,0.700836
1037,0.442145
1038,0.167146
1039,0.0
1040,0.0
1041,0.0
1042,0.0
1043,0.0
1044,0.0
1045,0.0
1046,0.0
1047,0.0
1048,0.0
1049,0.0
1050,0.0
1051,0.0
1052,0.0
1053,0.0
1054,0.0
1055,0.0
1056,0.0
1057,0.0
1058,0.0
1059,0.0
1060,0.0
1061,0.0
1062,0.0
1063,0.0
1064,0.0
1065,0.0
1066,0.0
1067,0.0
1068,0.0
1069,0.0
1070,0.0
1071,0.0
1072,0.0
1073,0.0
1074,0.0
1075,0.0
1076,0.0
1077,0.0
1078,0.0
1079,0.0
1080,0.0
1081,0.0
1082,0.0
1083,0.0
1084,0.0
1085,0.0
1086,0.0
1087,0.0
1088,0.0
1089,0.0
1090,0.0
1091,0.0
1092,0.0
1093,0.0
1094,0.0
1095,0.0
1096,0.0
1097,0.0
1098,0.0
1099,0.0
1100,0.0
1101,0.0
1102,0.0
1103,0.0
1104,0.0
1105,0.0
1106,0.0
1107,0.0
1108,0.0
1109,0.0
1110,0.0
1111,0.0
1112,0.0
1113,0.0
1114,0.0
1115,0.0
1116,0.0
1117,0.0
1118,0.0
1119,0.0
1120,0.0
1121,0.0
1122,0.0
1123,0.0
1124,0.0
1125,0.0
1126,0.0
1127,0.0
1128,0.0
1129,0.0
1130,0.0
1131,0.0
1132,0.0
1133,0.0
1134,0.0
1135,0.0
1136,0.0
1137,0.0
1138,0.0
1139,0.0
1140,0.0
1141,0.0
1142,0.0
1143,0.0
1144,0.0
1145,0.0
1146,0.0
1147,0.0
1148,0.0
1149,0.0
1150,0.0
1151,0.0
1152,0.0
1153,0.0
1154,0.0
1155,0.0
1156,0.0
1157,0.0
1158,0.0
1159,0.0
1160,0.0
1161,0.0
1162,0.0
1163,0.0
1164,0.0
1165,0.0
1166,0.0
1167,0.0
1168,0.0
1169,0.0
1170,0.0
1171,0.0
1172,0.0
1173,0.0
1174,0.0
1175,0.0
1176,0.0
1177,0.0
1178,0.0
1179,0.0
1180,0.0
1181,0.0
1182,0.0
1183,0.0
1184,0.0
1185,0.0
1186,0.0
1187,0.0
1188,0.0
1189,0.0
1190,0.0
1191,0.0
1192,0.0
1193,0.0
1194,0.0
1195,0.0
1196,0.0
1197,0.0
1198,0.0
1199,0.0
1200,0.0
1201,0.0
1202,0.0
1203,0.0
1204,0.0
1205,0.0
1206,0.0
1207,0.0
1208,0.0
1209,0.0
1210,0.0
1211,0.0
1212,0.0
1213,0.0
1214,0.0
1215,0.0
1216,0.0
1217,0.0
1218,0.0
1219,0.0
1220,0.0
1221,0.0
1222,0.0
1223,0.0
1224,0.0
1225,0.0
1226,0.0
1227,0.0
1228,0.0
1229,0.0
1230,0.0
1231,0.0
1232,0.0
1233,0.0
1234,0.0
1235,0.0
1236,0.0
1237,0.0
1238,0.0
1239,0.0
1240,0.0
1241,0.0
1242,0.0
1243,0.0
1244,0.0
1245,0.0
1246,0.0
1247,0.0
1248,0.0
1249,0.0
1250,0.0
1251,0.0
1252,0.0
1253,0.0
1254,0.0
1255,0.0
1256,0.0
1257,0.0
1258,0.0
1259,0.0
1260,0.0
1261,0.0
1262,0.0
1263,0.0
1264,0.0
1265,0.0
1266,0.0
1267,0.0
1268,0.0
1269,0.0
1270,0.0
1271,0.0
1272,0.0
1273,0.0
1274,0.0
1275,0.0
1276,0.0
1277,0.0
1278,0.0
1279,0.0
1280,0.0
1281,0.0
1282,0.0
1283,0.0
1284,0.0
1285,0.0
1286,0.0
1287,0.0
1288,0.0
1289,0.0
1290,0.0
1291,0.0
1292,0.0
1293,0.0
1294,0.0
1295,0.0
1296,0.0
1297,0.0
1298,0.0
1299,0.0
1300,0.0
1301,0.0
1302,0.0
1303,0.0
1304,0.0
1305,0.0
1306,0.0
1307,0.0
1308,0.0
1309,0.0
1310,0.0
1311,0.0
1312,0.0
1313,0.0
1314,0.0
1315,0.0
1316,0.0
1317,0.0
1318,0.0
1319,0.0
1320,0.0
1321,0.0
1322,0.0
1323,0.0
1324,0.0
1325,0.0
1326,0.0
1327,0.0
1328,0.0
1329,0.0
1330,0.0
1331,0.0
1332,0.0
1333,0.0
1334,0.0
1335,0.0
1336,0.0
1337,0.0
1338,0.0
1339,0.0
1340,0.0
1341,0.0
1342,0.0
1343,0.0
1344,0.0
1345,0.0
1346,0.0
1347,0.0
1348,0.0
1349,0.0
1350,0.0
1351,0.0
1352,0.0
1353,0.0
1354,0.0
1355,0.0
1356,0.0
1357,0.0
1358,0.0
1359,0.0
1360,0.0
1361,0.0
1362,0.0
1363,0.0
1364,0.0
1365,0.0
1366,0.0
1367,0.0
1368,0.0
1369,0.0
1370,0.0
1371,0.0
1372,0.0
1373,0.0
1374,0.0
1375,0.0
1376,0.0
1377,0.0
1378,0.0
1379,0.0
1380,0.0
1381,0.0
1382,0.0
1383,0.0
1384,0.0
1385,0.0
1386,0.0
1387,0.0
1388,0.0
1389,0.0
1390,0.0
1391,0.0
1392,0.0
1393,0.0
1394,0.0
1395,0.0
1396,0.0
1397,0.0
1398,0.0
1399,0.0
1400,0.0
1401,0.0
1402,0.0
1403,0.0
1404,0.0
1405,0.0
1406,0.0
1407,0.0
1408,0.0
1409,0.0
1410,0.0
1411,0.0
1412,0.0
1413,0.0
1414,0.0
1415,0.0
1416,0.0
1417,0.0
1418,0.0
1419,0.0
1420,0.0
1421,0.0
1422,0.0
1423,0.0
1424,0.0
1425,0.0
1426,0.0
1427,0.0
1428,0.0
1429,0.0
1430,0.0
1431,0.0
1432,0.0
1433,0.0
1434,0.0
1435,0.0
1436,0.0
1437,0.0
1438,0.0
1439,0.0
