trial,depth,duration_s,pv_deficit_kW,load_pickup_kW,deficit_energy_J,unbuffered_trip,sst_trip,matched_conventional_trip
0,0.6625859199442002,1.3509600114058844,0.0,7.504157122780636,91195.41687653634,True,True,True
1,0.8861981008566358,0.057634691620083355,0.0,0.0,3458.081497205001,True,False,False
2,0.5211414575593487,0.4893970188880046,40.0,12.613706473948833,55112.81223427934,True,True,True
3,0.5981476168670432,1.4934754109798694,0.0,24.724003692047123,126533.21623384004,True,True,True
4,0.29377782841203903,0.2823074490938746,40.0,0.8920069693399035,4283.304299675792,True,False,False
5,0.5633999382442333,0.7259987367216693,0.0,12.852941164987847,52891.14325223927,True,True,True
6,0.5471860918541539,0.4088966369396297,40.0,5.01516809967488,42940.34906360695,True,True,True
7,0.43258267954198604,0.055414650975510134,0.0,6.689982614094636,1330.3476957511916,True,False,False
8,0.8922989385827458,0.7891966743092136,0.0,18.544273684046427,61986.87957748213,True,True,True
9,0.18234604455674108,0.8346585409959087,40.0,0.0,0.0,False,False,False
10,0.4251376531127419,0.917366897450459,17.247657339904027,3.7549932267612967,32673.717711327557,True,True,True
11,0.8347042934371681,0.600196948747953,0.0,15.126406345746283,45090.63985911577,True,True,True
12,0.6741969227094989,1.030852853528543,17.247657339904027,5.989099045738083,85804.84783859934,True,True,True
13,0.46224846829358346,0.19022093620103114,0.0,16.794129065282124,8758.978973969024,True,False,False
14,0.37037807333116324,1.3174116879167814,17.247657339904027,0.0,18184.377943636435,True,False,False
15,0.9504533540304816,1.3606793428840938,40.0,4.811587374208309,142614.96183497654,True,True,True
16,0.9351151162700719,0.8508734071175325,17.247657339904027,14.242356861845199,77846.4201010738,True,True,True
17,0.43865905251692816,0.6458851591278383,40.0,21.905470202731774,52637.417635889666,True,True,True
18,0.5209571951326865,0.8440710388599162,17.247657339904027,9.304631814130099,73056.28062194944,True,True,True
19,0.12731526494570047,0.22819354819726356,0.0,10.705506159737032,0.0,False,False,False
20,0.5713660971194323,1.3155733524189228,40.0,17.092109333488594,154043.25881766062,True,True,True
21,0.4198723993211608,0.8026928054191856,0.0,0.0,10234.522467671184,True,False,False
22,0.23595605026913397,1.4034581188457713,17.247657339904027,0.0,0.0,False,False,False
23,0.2230876463883234,0.6574102938241185,0.0,15.711548696657267,0.0,False,False,False
24,0.8137212922882306,0.7938551950922024,0.0,4.963028699816821,51571.237822273426,True,True,True
25,0.4268142554953165,0.3101387399723624,40.0,0.0,17124.513387110568,True,False,False
26,0.6159994458500089,0.5430986977602178,40.0,24.509868772014737,67621.14758837681,True,True,True
27,0.5639704021956439,0.8056908870880247,0.0,0.0,48341.45322528148,True,True,True
28,0.6225875774675403,0.6686417805625746,0.0,23.06898940421169,55543.39698476575,True,True,True
29,0.1618438169096754,0.6734954497566864,40.0,0.0,0.0,False,False,False
30,0.3258993219982823,1.2187567635300578,40.0,24.2890177115395,58017.851389744,True,True,True
31,0.39941331329019236,0.6274995615350873,40.0,5.32270487438348,32083.58004184321,True,True,True
32,0.9239179574115174,1.268244784879665,40.0,14.867121762206963,145679.62812905645,True,True,True
33,0.6933475059481569,0.49465626178886424,0.0,15.702521371622671,37446.726229678476,True,True,True
34,0.6717035655097419,0.3166396249390522,17.247657339904027,19.100752210961716,30507.72426366032,True,True,True
35,0.8336996094625946,1.1084844110529941,40.0,0.0,110848.44110529941,True,True,True
36,0.8899222299845801,0.8087910218140071,0.0,0.7572208482900494,49139.8947324678,True,True,True
37,0.1181940160205322,0.41651458303106176,40.0,14.176395459634891,0.0,False,False,False
38,0.13508725692974083,0.9060624083605351,40.0,7.764254926329873,0.0,False,False,False
39,0.9445071581781526,0.8306747508220047,0.0,15.268769640338157,62523.86646566677,True,True,True
40,0.27212741207640767,0.8828723849738187,40.0,0.0,7421.4027438434805,True,False,False
41,0.9640638253235585,1.2883131534456755,17.247657339904027,2.8179247930717493,103149.54260019776,True,True,True
42,0.6639506373953089,1.2063143542811834,17.247657339904027,0.0,93184.95788372043,True,True,True
43,0.8174142215615167,0.23725001513777094,0.0,0.0,14235.000908266256,True,False,False
44,0.2775543128485719,0.8817797102728585,40.0,16.52978652537373,23272.491839812188,True,False,False
45,0.6687592522115667,1.2446339590529207,0.0,18.051183323163848,97145.15330827472,True,True,True
46,0.8805460488151203,1.3447742493766448,17.247657339904027,16.270186085555714,125760.38769579523,True,True,True
47,0.293208645469387,0.8673791001872504,0.0,6.319363759607668,0.0,False,False,False
48,0.5108590449656825,1.0030036742425636,17.247657339904027,16.561155540356346,94090.58399523428,True,True,True
49,0.8474972790368656,0.5964379830427345,17.247657339904027,5.3764444909523395,49280.15264671348,True,True,True
50,0.3226686324550938,0.5282858107595004,17.247657339904027,0.0,0.0,False,False,False
51,0.6211491169863288,0.4845561156912267,40.0,0.0,48455.61156912267,True,True,True
52,0.21797108946218863,0.2431496314070335,17.247657339904027,0.0,0.0,False,False,False
53,0.34231986970605144,0.4942953398499473,0.0,4.67858466351797,0.0,False,False,False
54,0.49133207113892996,1.3316875738471126,40.0,0.0,114331.17320780632,True,True,True
55,0.18712693795282126,1.1046209262708886,0.0,0.0,0.0,False,False,False
56,0.7067808913916901,0.5875625524980662,40.0,0.0,58756.25524980662,True,True,True
57,0.27175438314070943,0.43604397858876814,17.247657339904027,0.0,0.0,False,False,False
58,0.9069280576832616,0.2323252004245453,40.0,18.024319795249436,27420.023751401954,True,True,True
59,0.9970940485281823,1.4118109401017775,0.0,0.0,84708.65640610665,True,True,True
60,0.4555172936857932,0.979782210384232,40.0,0.0,64983.096522132786,True,True,True
61,0.7819215980665498,1.0958780597703426,40.0,0.8334808777811648,110501.19938423276,True,True,True
62,0.8598881047703436,0.8364363224544186,17.247657339904027,18.041005462991556,79702.89868645313,True,True,True
63,0.44331478245855616,1.2544289764473882,0.0,3.4454038587482776,31143.72462487452,True,True,True
64,0.784335966391164,1.4897758451854788,17.247657339904027,0.0,115081.69400215376,True,True,True
65,0.9285147504967249,0.22890305070248274,40.0,0.0,22890.305070248272,True,False,False
66,0.2050808365914295,0.30637096074849923,40.0,0.0,0.0,False,False,False
67,0.27150152334230204,1.3759202542618831,17.247657339904027,0.0,0.0,False,False,False
68,0.1608431727466546,0.7364337522478898,40.0,17.99371097846439,0.0,False,False,False
69,0.50951573483716,0.13232282546972934,0.0,0.0,7939.369528183761,True,False,False
70,0.9246915414760627,0.40753451860677614,40.0,3.1226595544416424,42026.043418969835,True,True,True
71,0.1297215321991621,0.7798378495802901,40.0,0.0,0.0,False,False,False
72,0.5358184917705382,0.3163701054793615,40.0,13.173430001251429,35804.68998695705,True,True,True
73,0.35465758107611,0.7984337218908686,17.247657339904027,19.770344969263228,22981.753956212953,True,False,False
74,0.886093704231116,0.3100883323478992,17.247657339904027,24.489918261207933,31547.635155267122,True,True,True
75,0.947432172570326,0.3844674143365984,0.0,12.66190040470327,27936.132969379698,True,True,True
76,0.5476465397975637,1.3766860589713181,40.0,1.6599554625819746,139953.8434409817,True,True,True
77,0.31289551876541954,0.7243420084414337,0.0,0.0,0.0,False,False,False
78,0.8460824226055673,1.153551170167503,0.0,0.0,69213.07021005018,True,True,True
79,0.7133290216630199,1.1167404360047217,40.0,18.913124478894712,132795.09447724465,True,True,True
80,0.24925356619179512,1.3832109847039553,40.0,0.0,3289.703667647945,True,False,False
81,0.23961724474406032,0.7959761896581073,40.0,0.0,0.0,False,False,False
82,0.617838455630466,1.2153165668100783,17.247657339904027,0.0,93880.3577124535,True,True,True
83,0.6793133228134167,1.4283160816151963,40.0,17.303028219625418,167545.80162825217,True,True,True
84,0.8515497755287356,0.5358602290490018,17.247657339904027,19.229292546703324,51698.16046418648,True,True,True
85,0.15878345603515287,1.1053709948941937,40.0,0.0,0.0,False,False,False
86,0.5218028204485861,0.6431527416079994,0.0,18.271221383081585,50340.35062153559,True,True,True
87,0.1762821052603396,0.8660482124611654,40.0,11.32049107641019,0.0,False,False,False
88,0.6679656209440294,0.8485830793389648,40.0,5.554922130681608,89572.12086103843,True,True,True
89,0.2759942614031632,1.3241017828840977,40.0,0.0,12503.475599769123,True,False,False
90,0.7365838474221348,0.8525155585858828,0.0,15.50963584348578,64373.13937972588,True,True,True
91,0.8370249766470425,1.0332328722187967,17.247657339904027,13.958086452334054,94236.77262130583,True,True,True
92,0.45647439757870345,1.129223770180866,17.247657339904027,0.0,49660.829690641185,True,True,True
93,0.5532902186254165,0.5401472274888475,0.0,21.118227516862213,43815.785692042664,True,True,True
94,0.8067163624288408,0.6985687944678264,0.0,9.74496009704593,48721.65269520003,True,True,True
95,0.8743003175764664,0.8903320684016212,17.247657339904027,16.941790799356397,83859.88618343495,True,True,True
96,0.625238425942412,0.6599125002393977,17.247657339904027,10.768623116005783,58083.04369743149,True,True,True
97,0.9991528799318342,0.5612003157240735,40.0,14.535693488121778,64277.467347209655,True,True,True
98,0.9531087215282313,1.3391556958918527,17.247657339904027,0.0,103446.64032103455,True,True,True
99,0.5444500050227431,1.044034663321327,40.0,0.0,104403.46633213271,True,True,True
100,0.3816686463552331,0.7670640880668302,40.0,0.0,30746.750743992627,True,True,True
101,0.8448213230863287,0.7368244189491565,0.0,9.33390850448021,51086.91684728761,True,True,True
102,0.5913000789224083,0.34194411238126354,17.247657339904027,0.0,26414.38162262548,True,False,False
103,0.7934625833812123,0.13222679617811908,0.0,0.0,7933.607770687145,True,False,False
104,0.5006742159234399,0.1405581736483096,17.247657339904027,9.415562726687602,12181.223935041657,True,False,False
105,0.6734471683491055,0.4242955761125871,40.0,15.775329560769864,49122.96015561149,True,True,True
106,0.2828510574176847,1.4449740590436115,40.0,1.6869065142023438,18758.238480221306,True,False,False
107,0.4806306216113535,1.1691626514092368,0.0,3.4232975633333163,49045.82868140907,True,True,True
108,0.3892851463614133,1.1639699724156056,40.0,0.0,49481.766681408044,True,True,True
109,0.690745389334243,0.9503148318875944,0.0,0.0,57018.88991325566,True,True,True
110,0.4094543125129543,0.42266218250513615,40.0,11.03330487608614,25441.753049074163,True,False,False
111,0.6758409302934962,0.24678603222604556,17.247657339904027,7.083285133956302,20811.69868700689,True,False,False
112,0.9655383473914981,0.08739737426341923,17.247657339904027,0.3768194632604166,6784.1754511682675,True,False,False
113,0.5123558984881348,0.2862375523745747,40.0,0.0,28623.75523745747,True,True,True
114,0.26566049932921953,0.9448368079499977,40.0,0.0,6314.700198957596,True,False,False
115,0.24482345876846845,1.389524826427014,0.0,1.2361830177901463,0.0,False,False,False
116,0.6969776756418922,0.9205041394278133,0.0,23.83390025994639,77169.45221365908,True,True,True
117,0.8975774347876744,0.21581785360090805,17.247657339904027,20.773680315201783,21154.7546998148,True,False,False
118,0.92358527200115,1.4852234144950576,40.0,14.25371087032332,169692.28657755267,True,True,True
119,0.957180620212852,0.9313987816563055,17.247657339904027,0.4665718720301387,72382.93840535436,True,True,True
120,0.751713674342252,1.0561855604820738,40.0,0.0,105618.55604820738,True,True,True
121,0.40301613853832463,0.16237205611910055,40.0,7.597950725298464,8865.073171399652,True,False,False
122,0.5027641517985392,1.395595038520627,17.247657339904027,21.337322875498394,137584.7092612698,True,True,True
123,0.46292805521922187,0.054751275774785446,0.0,3.562005144062677,1813.3619805524302,True,False,False
124,0.8195424384560128,1.0451765424968456,40.0,23.48049578582393,129058.91765122378,True,True,True
125,0.34168417758304037,1.0684885231635919,40.0,12.901028169519021,43603.05303817367,True,True,True
126,0.13169586391050675,0.8476138911161484,0.0,6.8564144847635236,0.0,False,False,False
127,0.7882237570534582,0.9317425632129928,40.0,11.367758010558404,103766.080308042,True,True,True
128,0.8761206391349031,0.47476285862191975,0.0,18.510716520256977,37273.97220761238,True,True,True
129,0.440435452329358,1.1011354774491011,40.0,24.0728329595049,92871.7472156917,True,True,True
130,0.7422403564688216,0.34687104022176024,0.0,11.732134821720344,24881.800222937687,True,False,False
131,0.8738993445521908,0.6997045492766405,17.247657339904027,1.9254316663668307,55397.77055797209,True,True,True
132,0.2975550216739351,0.443104032491671,40.0,5.359903277445752,9164.51067821535,True,False,False
133,0.7648934599760356,1.3876652560642382,40.0,12.668141621119114,156345.6655929521,True,True,True
134,0.16759768486333104,0.2310678544385587,0.0,20.115247757650963,0.0,False,False,False
135,0.1599226702967382,0.9124790480413734,0.0,0.0,0.0,False,False,False
136,0.10515018643607035,0.8064941515235144,17.247657339904027,6.623164054373371,0.0,False,False,False
137,0.8313785067899512,0.730856522678418,40.0,0.0,73085.65226784181,True,True,True
138,0.3879015960913563,0.11049698503578609,40.0,14.196508919530402,6216.968502335098,True,False,False
139,0.9582180544525604,0.8901409827007492,40.0,14.27807142383897,101723.59479836242,True,True,True
140,0.7770200622773644,0.9044630402601034,0.0,4.953601411775777,58748.13180873766,True,True,True
141,0.6244536288113148,0.7618569783107084,17.247657339904027,0.0,58851.66680256029,True,True,True
142,0.22157892413001073,0.8401714993751084,0.0,6.7511560302935285,0.0,False,False,False
143,0.43505236960309934,0.8354628523138088,17.247657339904027,2.6756258748167006,31878.495741647435,True,True,True
144,0.8360977539202897,1.3895965856216275,17.247657339904027,21.228879123249417,136842.65883304173,True,True,True
145,0.9192508512560541,0.11419694370605638,40.0,11.738317672233354,12760.174373025477,True,False,False
146,0.9294313845570404,0.1517512003929249,40.0,18.637532074854928,18003.387904013365,True,False,False
147,0.49391743469277594,0.25464828958731894,17.247657339904027,0.0,16664.894093287203,True,False,False
148,0.7756499318839507,0.2186993387254208,0.0,19.534912052783906,17394.23267152834,True,False,False
149,0.11144930427550057,1.3133417233242914,17.247657339904027,12.696739206115664,0.0,False,False,False
150,0.2488579908016561,0.25172184415241206,17.247657339904027,5.413619177750967,0.0,False,False,False
151,0.21709451464772905,0.7239556710433034,17.247657339904027,0.8477762130882943,0.0,False,False,False
152,0.397999145401014,1.145012020988003,17.247657339904027,18.874359511697456,47476.15025116792,True,True,True
153,0.4660131556399,1.3363299913267073,0.0,18.399091327215245,65977.70994295043,True,True,True
154,0.3278052845844056,0.25230888726602646,40.0,0.0,6021.086058066408,True,False,False
155,0.23131136712934877,1.082925879223379,17.247657339904027,24.316451182493385,0.0,False,False,False
156,0.7261920536115835,0.2368450798574539,0.0,2.3164808674965816,14759.351887497725,True,False,False
157,0.39839589598996783,1.410040782291496,17.247657339904027,1.6762909530064514,34398.931286380684,True,True,True
158,0.6117325528856598,0.7152465476514972,40.0,0.0,71524.65476514972,True,True,True
159,0.7107571874656564,1.4959799446974371,40.0,19.58268802651023,178893.30302066964,True,True,True
160,0.9026012564155073,1.4883973725727437,40.0,23.569481839087143,183920.4920994727,True,True,True
161,0.9511645419634484,0.5906670721656977,0.0,9.369152474382696,40974.074190659485,True,True,True
162,0.7809574557458319,0.7332571534144785,40.0,3.4954411602615365,75888.77257654903,True,True,True
163,0.15493343270748153,1.1432900597938993,17.247657339904027,20.058386303566493,0.0,False,False,False
164,0.3070955462419583,0.3889707459553074,17.247657339904027,0.0,0.0,False,False,False
165,0.4367634276206148,0.5186238511753236,40.0,2.6605037521544332,31913.518913895678,True,True,True
166,0.7274199143733704,1.1468457314021725,17.247657339904027,10.107974514488962,100183.43350615025,True,True,True
167,0.620162526570289,0.4174568642413631,17.247657339904027,14.747446110427054,38403.98741193501,True,True,True
168,0.23877166371961872,1.0745437350080203,17.247657339904027,6.338703566727349,0.0,False,False,False
169,0.2802704916796481,1.4876734913149923,40.0,24.76585381109162,52606.77090867694,True,True,True
170,0.9550610701858234,0.1114072521325,40.0,0.0,11140.72521325,True,False,False
171,0.40231838348723936,0.525467484689669,17.247657339904027,13.751429212975072,19845.073837132462,True,False,False
172,0.1682983911442093,0.343597756775772,17.247657339904027,23.173011235329703,0.0,False,False,False
173,0.49168776662082214,0.3470824679282954,0.0,6.125431191145736,18145.563561519084,True,False,False
174,0.9646746751498959,1.351650750741206,40.0,7.951271131595291,145912.41666848827,True,True,True
175,0.12513929514192462,0.3678269565025173,40.0,2.51107110644867,0.0,False,False,False
176,0.24018676817320708,1.3590715754051477,40.0,2.1634867600015624,2993.710609964523,True,False,False
177,0.8163374697524348,1.0307469986620903,40.0,6.507651670750869,109782.44229417383,True,True,True
178,0.625277364279233,1.4307363107132536,0.0,12.97046447059505,104401.4931276917,True,True,True
179,0.11361895906385992,1.3415385879408142,17.247657339904027,17.32679346096123,0.0,False,False,False
180,0.8309295828512986,1.1904984626080497,17.247657339904027,21.284490254619854,117302.37022875012,True,True,True
181,0.9799277167736808,0.4039964819366861,0.0,7.7835939993814325,27384.333508774766,True,True,True
182,0.5546389034065176,0.06184386349612256,40.0,17.81142983950442,7285.913985277331,True,False,False
183,0.5523142417260928,1.3098363134015156,0.0,7.0095951424269884,87771.60106388468,True,True,True
184,0.9452173453712249,0.780796460978951,40.0,0.0,78079.64609789509,True,True,True
185,0.6212472661250198,0.12901481113106872,40.0,10.884696045334358,14305.768117614776,True,False,False
186,0.9561523586581357,1.4257194445640655,17.247657339904027,20.850661779330856,139860.68104734403,True,True,True
187,0.6613773356200187,1.1082536854542346,40.0,20.444135719523608,133482.65730251206,True,True,True
188,0.11261888385588951,1.0628021739486917,40.0,0.0,0.0,False,False,False
189,0.5851322717636505,0.13257579062241334,17.247657339904027,1.4176673100480235,10429.117610036214,True,False,False
190,0.3273883538510888,0.07658739999288493,40.0,7.3959203960697915,2384.907172687213,True,False,False
191,0.6911263123785119,0.3009749253611009,0.0,0.0,18058.495521666053,True,False,False
192,0.5436942915130828,0.7248156825909902,0.0,20.07764201017318,58041.53075388062,True,True,True
193,0.358576848316815,1.093948952059764,17.247657339904027,23.146706157211412,36474.16931934314,True,True,True
194,0.14889230684717844,1.2205192100819977,17.247657339904027,1.7353005813852462,0.0,False,False,False
195,0.3325408277056026,0.9535486859530945,17.247657339904027,24.056333478433558,25305.421526999868,True,False,False
196,0.9826984931933719,1.3393997652800114,0.0,24.253898842539854,112849.6523336237,True,True,True
197,0.2824508823662497,1.3101221478927887,0.0,13.032668307281478,0.0,False,False,False
198,0.28038266770202247,0.8032291373754442,17.247657339904027,20.029274078042246,6348.065184401794,True,False,False
199,0.930163042017562,0.2557097449451297,40.0,3.3609747813553166,26430.408498620356,True,False,False
200,0.2697638743723063,0.8958240041509349,40.0,16.614719480056685,21848.62946525089,True,False,False
201,0.3605591970800719,0.628762973932399,17.247657339904027,0.0,6788.0196537263,True,False,False
202,0.32172013047506975,1.0920657383808852,17.247657339904027,12.629043425909877,13097.786736229278,True,False,False
203,0.8894937426035939,1.0255033030020009,40.0,24.768310855209542,127950.31489199778,True,True,True
204,0.12619474477845335,0.4862642887323699,0.0,4.034947014169596,0.0,False,False,False
205,0.29202785987635527,0.17526661720489523,17.247657339904027,2.7162415183087374,0.0,False,False,False
206,0.8298604698453618,1.2164835033160948,17.247657339904027,13.54778275810904,110451.15505555755,True,True,True
207,0.6665715457336113,0.6710238787849637,0.0,12.772176809451649,48831.868350303426,True,True,True
208,0.20272902514860514,0.8671486593507443,0.0,0.0,0.0,False,False,False
209,0.3312827514590519,1.488206022005661,0.0,10.372713143035867,0.0,False,False,False
210,0.8013928201739988,0.3047394013569856,17.247657339904027,21.829960194799874,30192.85385540204,True,True,True
211,0.5217723819623565,0.7240944854015601,40.0,0.0,72409.44854015601,True,True,True
212,0.38464282065663036,1.0581433453136224,17.247657339904027,0.0,19336.977413668395,True,False,False
213,0.12703170962431196,1.4920737288862331,40.0,12.42577047035642,0.0,False,False,False
214,0.1445247457768571,0.8458960330040736,17.247657339904027,15.05530038199108,0.0,False,False,False
215,0.8401257831738973,1.4079781081957117,17.247657339904027,0.14747923958435827,108970.65798473678,True,True,True
216,0.43494717777528846,1.4430205437353383,17.247657339904027,7.3473432235029,61745.64360283774,True,True,True
217,0.8003448516447597,0.4694579842424387,0.0,2.9748263783763136,29564.0350496101,True,True,True
218,0.775010962766238,0.7013085387183323,40.0,7.424228091378452,75337.52842570946,True,True,True
219,0.5943837551193043,1.1283851889793608,0.0,14.808869443115386,84413.22028390209,True,True,True
220,0.9852992487173691,0.7167062729594285,0.0,21.837696941172112,58653.59076229068,True,True,True
221,0.6238475503250693,1.3379816198463124,0.0,0.0,80278.89719077875,True,True,True
222,0.15156629297606092,1.0875099561732984,40.0,14.782866286406907,0.0,False,False,False
223,0.6650748249769365,1.400591691373601,40.0,9.050062912566764,152734.61205910947,True,True,True
224,0.8362061560356954,0.8473676723932966,40.0,7.246395303931841,90877.1283612641,True,True,True
225,0.17840477860676923,0.7203447956442209,0.0,1.3322266083181433,0.0,False,False,False
226,0.49606934305523664,0.6076875214619072,40.0,23.78330068376087,69473.13105849865,True,True,True
227,0.4042844678895706,0.6417384693616349,40.0,0.0,30432.53249383089,True,True,True
228,0.5237968949085947,1.2311207699700908,40.0,0.0,123112.07699700908,True,True,True
229,0.3542495030386811,0.23471825155254905,0.0,21.18490647606062,3010.9290443855507,True,False,False
230,0.6484643449519555,0.7879910029284078,40.0,24.128778543423955,97812.36069671086,True,True,True
231,0.8892771346287872,0.48930445905153147,40.0,0.0,48930.445905153145,True,True,True
232,0.531865509554749,0.23106697838127233,40.0,16.006026242738777,26805.16195792823,True,False,False
233,0.9238283035915034,1.2113482549555639,40.0,12.298200010509728,136032.22861738183,True,True,True
234,0.9905344973356855,0.1760018710638685,17.247657339904027,6.542945995653718,14747.302964628583,True,False,False
235,0.6003401296077141,0.5141281620000215,0.0,5.167696916469152,33504.54823743876,True,True,True
236,0.17548387457176173,1.0822393409360236,40.0,0.0,0.0,False,False,False
237,0.9042682838500817,1.407760648822388,17.247657339904027,24.06407603929655,142622.67151522418,True,True,True
238,0.7873677328945519,0.1365068260207677,0.0,0.0,8190.4095612460615,True,False,False
239,0.9709479696036071,1.0881835514111646,0.0,0.0,65291.01308466988,True,True,True
240,0.4225040089013231,0.19361360558305973,0.0,9.604969450042706,4507.761802946155,True,False,False
241,0.996162361725231,0.8616890114367168,40.0,0.0,86168.90114367168,True,True,True
242,0.3556360802643118,1.4991748418879045,0.0,8.180995365981945,361.1055453218003,True,False,False
243,0.21390702938171618,1.3776781664907083,40.0,0.0,0.0,False,False,False
244,0.6383036181365996,1.0241805471430492,0.0,2.2963749532658144,63802.735384664324,True,True,True
245,0.5498532145415133,0.12287837947938969,40.0,0.0,12287.83794793897,True,False,False
246,0.691668233851468,0.9441390988889877,17.247657339904027,0.0,72932.53359218228,True,True,True
247,0.21089845107501703,0.823174376490162,40.0,0.0,0.0,False,False,False
248,0.2544071120886784,0.6445317595179607,40.0,0.0,2397.985384867666,True,False,False
249,0.7627269473610343,0.5536841378680527,40.0,0.0,55368.41378680527,True,True,True
250,0.9752592874409627,0.0746732681667361,0.0,11.498841674842724,5339.0521779965375,True,False,False
251,0.5703730076304024,0.9409180334859757,0.0,9.809685479069211,65685.19197924028,True,True,True
252,0.7435187138562883,0.7267603667564831,40.0,7.029553973711184,77784.83789971715,True,True,True
253,0.31789030802429563,0.26527665081596546,17.247657339904027,20.923537986603467,5092.307163418404,True,False,False
254,0.8631047389219293,0.5486211737328434,40.0,13.867893234054169,62470.33723655289,True,True,True
255,0.4992027569160379,0.9928845805076386,0.0,24.13463323614337,79325.7663054114,True,True,True
256,0.6991601643446423,1.2040122418470633,40.0,0.0,120401.22418470634,True,True,True
257,0.39361486279258173,1.0766690935231993,17.247657339904027,5.028107299727688,28193.398827986308,True,True,True
258,0.15504347442935779,1.1968747624190075,0.0,8.035790397762261,0.0,False,False,False
259,0.6923557050091425,0.17162655765535773,17.247657339904027,15.430108092052288,15905.96585227737,True,False,False
260,0.5022858398037665,0.37647956253373827,0.0,18.634498242256406,29604.281498304703,True,True,True
261,0.42776208309143515,0.17729442720467664,40.0,0.0,9850.0293095133,True,False,False
262,0.8989792700824423,0.13286627248321872,0.0,17.429959463161975,10287.830092397058,True,False,False
263,0.4415337715072146,0.5170136150583853,17.247657339904027,17.36208109445553,28591.390736257275,True,True,True
264,0.6740951038683475,1.0334704798901602,40.0,15.188331183839027,119043.73990630882,True,True,True
265,0.5135796703685848,0.8660579180574637,40.0,5.499198624398771,91368.41631737763,True,True,True
266,0.4472312810609075,0.1569676089768072,40.0,2.6266946748399245,10289.494857845099,True,False,False
267,0.6582410148770701,0.23420285030879595,0.0,9.046762094631857,16170.948487156109,True,False,False
268,0.5451938107486247,0.220915568783926,40.0,17.832510210305397,26031.03601434738,True,False,False
269,0.9876460494019416,0.5761141792654721,0.0,14.497843840475047,42919.26416120259,True,True,True
270,0.48944192480594406,0.46786644249483755,0.0,0.0,20747.522856561234,True,False,False
271,0.2205972405344918,0.4739904250813075,0.0,0.0,0.0,False,False,False
272,0.6504084174023467,1.3139632303876831,0.0,0.0,78837.79382326099,True,True,True
273,0.6802589806843382,0.37079667883407597,40.0,0.0,37079.667883407594,True,True,True
274,0.37166241977262104,0.6230531439211329,17.247657339904027,11.089255808719356,15756.8741220409,True,False,False
275,0.8179586826459604,0.3887997228446674,17.247657339904027,4.715143728334229,31867.114338903644,True,True,True
276,0.46260919107209286,1.1303122171740732,40.0,11.569560907853383,91537.00780348598,True,True,True
277,0.31106922950801663,1.2107990740326113,0.0,0.0,0.0,False,False,False
278,0.8557861311656154,0.9887935596630754,40.0,0.0,98879.35596630754,True,True,True
279,0.7721799273648436,1.0612789037681853,0.0,16.811267203080988,81518.17745433096,True,True,True
280,0.5655691930469783,0.5398735368425334,40.0,12.288383216326348,60621.52659332787,True,True,True
281,0.43184574828834044,0.6611986646293121,0.0,17.006207317768588,22515.117455295233,True,False,False
282,0.9856414425040735,0.3658467530803574,17.247657339904027,23.758789128828575,36952.88048077076,True,True,True
283,0.17732827109547955,1.1486980287192632,0.0,19.94026717569929,0.0,False,False,False
284,0.49694107971740253,0.5623638268864609,40.0,7.687158244849945,55872.563594100175,True,True,True
285,0.374838580665945,1.4831926192942502,17.247657339904027,0.0,22526.039984922176,True,False,False
286,0.22472409558325307,1.450411817170108,0.0,10.695197816050692,0.0,False,False,False
287,0.2775162714401778,0.20399455854092224,40.0,10.178709542345036,4086.2785647932947,True,False,False
288,0.9313391498586399,0.8275297432789085,0.0,0.0,49651.78459673451,True,True,True
289,0.23166511063678968,0.8526726131128302,40.0,0.0,0.0,False,False,False
290,0.40406860986156257,0.3248997073995394,40.0,11.52872591800154,19129.672732172578,True,False,False
291,0.11050834223335636,1.0870129338992176,17.247657339904027,13.389525293978947,0.0,False,False,False
292,0.5114781155960837,1.030173771223588,0.0,0.0,61810.42627341529,True,True,True
293,0.16219167225396355,0.7674632107448226,40.0,4.879388483809446,0.0,False,False,False
294,0.32330289461261935,1.4416055599532627,0.0,0.0,0.0,False,False,False
295,0.7289401152288365,0.5076984820992617,17.247657339904027,10.536063440091374,44567.66179302909,True,True,True
296,0.794068126474094,0.1597699686014773,17.247657339904027,16.905617973155874,15042.865840493829,True,False,False
297,0.6813355746629555,1.101229073828899,40.0,7.042192631516306,117877.9746522193,True,True,True
298,0.7800318930294462,1.490310804735152,40.0,7.439859550007108,160118.78354660282,True,True,True
299,0.8227245247191415,1.390293111324572,17.247657339904027,15.835982462032222,129413.54319364972,True,True,True
300,0.8777715657427027,0.5442054799764161,17.247657339904027,3.436771186586618,43908.90815288168,True,True,True
301,0.8660690813682921,0.955647772044532,0.0,9.150408543417814,66083.4338604864,True,True,True
302,0.8161382980227843,1.0087492288989859,40.0,17.193859706772535,118219.21561090273,True,True,True
303,0.5065221031801094,0.322842997695533,0.0,17.93358682293647,25160.3127910819,True,False,False
304,0.5813446069097135,0.16700508134420325,17.247657339904027,4.769440779247125,13697.272143004338,True,False,False
305,0.2801680910003712,0.6515476549785648,17.247657339904027,0.0,0.0,False,False,False
306,0.11922394592069152,0.1999234176548847,0.0,10.972235971582037,0.0,False,False,False
307,0.3405855468932397,0.8363642733437888,17.247657339904027,0.0,4041.0269359297076,True,False,False
308,0.8416357258808572,0.5166837803410823,40.0,16.421890276168323,60153.30238234534,True,True,True
309,0.8723399726018429,1.2076247658436186,0.0,21.057321741003395,97886.82918739007,True,True,True
310,0.5150404537864415,0.43253569887187565,40.0,19.178670508770736,51549.02953913215,True,True,True
311,0.8485379646216377,0.2546925990065987,17.247657339904027,23.908037544240226,25763.6068343612,True,False,False
312,0.9475228896284168,1.4522088350034452,0.0,6.759778805314282,96949.14060395316,True,True,True
313,0.43538915203918316,0.05389079456142985,0.0,1.9820271829646463,1096.2033806487073,True,False,False
314,0.3840320291823962,0.5185964805542428,0.0,5.750337593937085,3413.8933116295057,True,False,False
315,0.9068223456338921,1.2895703731751809,17.247657339904027,5.565438271277895,106793.31461110381,True,True,True
316,0.8875877313063298,1.1530461506469598,40.0,9.482338102833248,126238.18851330086,True,True,True
317,0.39801216211272916,0.13853127507370067,40.0,7.17699606392215,7276.037148813497,True,False,False
318,0.4458726056417919,0.5319476700117347,40.0,4.939735935328072,35813.480886347155,True,True,True
319,0.815733690566934,0.7941204268704679,17.247657339904027,0.0,61343.94262150821,True,True,True
320,0.7769241585730364,1.2811362751971043,0.0,18.028233594688626,99964.80054770895,True,True,True
321,0.24141418277086282,1.0639171386608397,17.247657339904027,9.92272565720679,0.0,False,False,False
322,0.11788991246372607,1.002620326559266,0.0,0.0,0.0,False,False,False
323,0.21597578944658707,0.979575600108716,0.0,4.83421814739424,0.0,False,False,False
324,0.3409982238414755,0.7198776387022009,40.0,8.598793571484537,26134.516287262068,True,False,False
325,0.6895994142792499,0.8204206056656586,40.0,0.0,82042.06056656585,True,True,True
326,0.7611728012622107,1.096852893943658,40.0,0.0,109685.2893943658,True,True,True
327,0.6191774655536627,0.4448626619804528,17.247657339904027,6.198961784679064,37122.285117030995,True,True,True
328,0.3384678599593775,0.5772024981517406,0.0,0.9657827472256436,0.0,False,False,False
329,0.5069888697629875,0.3419757732611207,17.247657339904027,0.0,26416.827351423766,True,False,False
330,0.36434843113238724,0.8293699554112064,17.247657339904027,0.0,9911.01936292876,True,False,False
331,0.9420916792787675,0.3203274394571152,40.0,4.180424810227127,33371.848721014576,True,True,True
332,0.6954945714058229,1.1838942886709616,0.0,0.43726022774928375,71551.32720655303,True,True,True
333,0.3066376718296284,0.7961716422920891,0.0,11.231670241675342,0.0,False,False,False
334,0.8566472287529197,0.08414311493567489,40.0,0.0,8414.31149356749,True,False,False
335,0.30478249896063303,0.11831408608711907,40.0,3.8354338099758216,2504.3344976470753,True,False,False
336,0.8557253376082303,0.3348616331107493,0.0,22.043129135149588,27473.096207712286,True,True,True
337,0.28118839804470436,1.110470386722801,0.0,2.3206513794838957,0.0,False,False,False
338,0.6275271341681009,0.7735804828453456,40.0,12.425785140253154,86970.39315306411,True,True,True
339,0.5385378294215406,0.7091527863479532,40.0,7.382763183721094,76150.78571747823,True,True,True
340,0.338402409599037,0.409861485954719,0.0,5.135508565779726,0.0,False,False,False
341,0.5737723394166571,0.5031851198256944,40.0,16.858377690624028,58801.3967808929,True,True,True
342,0.9749998899464393,1.2863262776068591,17.247657339904027,10.392833190658804,112734.26595181806,True,True,True
343,0.3150403291787308,1.4300598769848587,40.0,14.739060535496423,49988.21793744603,True,True,True
344,0.35078254768353323,1.4085841988430836,40.0,2.2756586102451433,46314.64559535914,True,True,True
345,0.9017999603464856,0.19935519987079536,40.0,0.0,19935.519987079537,True,False,False
346,0.9135780837559717,1.250010056774178,40.0,11.295238648058827,139120.1675811557,True,True,True
347,0.15686162711653662,1.4427746246297217,40.0,0.3422732030949893,0.0,False,False,False
348,0.5491702540272877,0.16027221725846463,0.0,9.250018286772669,11098.853976010278,True,False,False
349,0.8574076668111485,1.2054435726089257,40.0,0.0,120544.35726089256,True,True,True
350,0.9364580195710348,0.9488430178588193,17.247657339904027,0.0,73295.9003129185,True,True,True
351,0.4125555206675575,0.1751232875637534,0.0,5.7999456062177215,2804.882685246168,True,False,False
352,0.6102344920457553,0.49688082022300595,0.0,4.906450305141136,32250.770265382303,True,True,True
353,0.1388882564815226,0.5466497772413141,0.0,11.451282694228052,0.0,False,False,False
354,0.9748959582876521,0.05973555549236649,40.0,0.0,5973.555549236649,True,False,False
355,0.1861585199279066,1.396029383618109,0.0,14.808648386764753,0.0,False,False,False
356,0.5999484259852057,1.0558556034441093,17.247657339904027,7.2974873705495575,89267.46478652551,True,True,True
357,0.2581558681223761,1.3613843593340655,0.0,17.33044906566388,0.0,False,False,False
358,0.5412479594813495,0.457134953572951,17.247657339904027,0.0,35312.60425169625,True,True,True
359,0.40731531454550596,0.8890663346828271,0.0,20.223500813694496,25482.15316569656,True,False,False
360,0.20267271055865219,1.1133292511312483,0.0,0.0,0.0,False,False,False
361,0.9775477121827106,1.0808611712572245,0.0,13.039021926527584,78945.0427869887,True,True,True
362,0.2926667685199458,0.17111665773606194,17.247657339904027,0.0,0.0,False,False,False
363,0.1152896137302094,1.4162176590768882,40.0,20.810299647331625,0.0,False,False,False
364,0.9047933713395313,1.11783345626645,40.0,0.0,111783.34562664501,True,True,True
365,0.4215776886909297,1.2176937090942845,0.0,22.413876191700513,43549.389746333334,True,True,True
366,0.4460677785890915,1.1373772140328624,17.247657339904027,13.294598780677902,60286.61637624422,True,True,True
367,0.6454358893492012,0.8283975899286712,17.247657339904027,0.0,63991.77316801232,True,True,True
368,0.13372703157424337,1.4192057163939287,40.0,20.514226447891424,0.0,False,False,False
369,0.4896685795750866,1.0841264651139058,0.0,1.2416323260401152,49610.33340140114,True,True,True
370,0.8402237315284938,1.0563555708391503,0.0,19.629283257807383,84116.83697131352,True,True,True
371,0.8858058650980097,0.5648240975005713,40.0,5.788934856849429,59752.139656066705,True,True,True
372,0.3983827097207896,0.20718551696061382,0.0,14.205357146252396,4075.9140819831296,True,False,False
373,0.3561459547496335,0.5725050441208684,0.0,14.913050537658698,4079.9488964686475,True,False,False
374,0.48041246353728184,0.8577005660975189,0.0,12.976549101483808,44064.818627223714,True,True,True
375,0.7185034968341876,0.17584475897793278,0.0,6.13343050749989,11629.217147975183,True,False,False
376,0.7843877043818532,1.2325923109697292,17.247657339904027,0.0,95214.86847759006,True,True,True
377,0.18001962406454008,0.8150178087672771,0.0,0.0,0.0,False,False,False
378,0.6773021037765231,0.9233521671316413,17.247657339904027,22.62562471048852,92218.2114197796,True,True,True
379,0.8443910857643208,1.1189334611503619,0.0,19.24044017883903,88664.77999238655,True,True,True
380,0.5172549868179576,1.1401169564576457,17.247657339904027,20.614768061692395,111574.61060043151,True,True,True
381,0.13166218771511884,0.47213349189847603,40.0,20.576860109256284,0.0,False,False,False
382,0.3200899988956576,0.48956887247646985,40.0,22.001749845191434,21371.236192894146,True,False,False
383,0.8915203629480647,0.41273453773519625,0.0,9.653588322708426,28748.441577970727,True,True,True
384,0.7984376789310582,1.3514030897331566,40.0,4.1547671931537025,140755.07419526554,True,True,True
385,0.7877809751056829,0.4930499447925866,40.0,3.6446359882640196,51101.982052061314,True,True,True
386,0.7788102941848122,1.1250771842757896,40.0,0.0,112507.71842757896,True,True,True
387,0.9210078027646625,1.3116306780079119,40.0,11.131297765692242,145763.21943631404,True,True,True
388,0.2587496451736947,0.7691838248818906,17.247657339904027,1.59838458494109,0.0,False,False,False
389,0.5233187249417983,1.0593981204052516,40.0,0.0,105939.81204052515,True,True,True
390,0.8972151101224388,0.9689400363103751,0.0,19.971853095451095,77487.93024211437,True,True,True
391,0.35603160915167553,0.8137191148367985,0.0,12.669782461396672,3945.535255322413,True,False,False
392,0.8085768327775695,0.5029180783134565,0.0,5.956408502784091,33170.6702166775,True,True,True
393,0.2595224878748467,0.4231581365643039,0.0,7.4686270534136066,0.0,False,False,False
394,0.61695168576136,1.0694797230812048,0.0,5.504346064034077,70055.56988917857,True,True,True
395,0.8671173189911953,0.22703364724178188,17.247657339904027,23.55396762963828,22885.36056473346,True,False,False
396,0.7559668433414916,0.8677598964731587,40.0,15.661666900124576,100366.55609516507,True,True,True
397,0.4026802118991267,0.18445860459388752,17.247657339904027,19.92943987220153,8128.117768716119,True,False,False
398,0.1400418749858494,1.356188568841011,40.0,0.0,0.0,False,False,False
399,0.6350669502519141,0.8436035906357373,0.0,16.86429550903689,64842.9956831099,True,True,True
400,0.2418413032276359,0.9264626817565264,40.0,11.994979982518513,11542.763724727212,True,False,False
401,0.3362542715083423,1.1597181627066537,40.0,24.924491211301003,59423.74826420902,True,True,True
402,0.3816747878121308,0.7891952639473766,17.247657339904027,19.744976770840676,29261.982830642406,True,True,True
403,0.13510216087027016,1.2640906856122693,0.0,9.000281893141866,0.0,False,False,False
404,0.3105422178819724,0.31527895687097035,40.0,0.0,5973.361889848061,True,False,False
405,0.1029300997349704,1.1896689706400405,17.247657339904027,18.376555380076894,0.0,False,False,False
406,0.705853919595533,0.5045643822940769,0.0,10.672720917623746,35658.93777484251,True,True,True
407,0.2035039207456828,0.9862568757640671,40.0,19.158756891148972,9890.067912197272,True,False,False
408,0.550214836397954,1.0097080529139373,0.0,4.943996483628546,65574.47623793417,True,True,True
409,0.7286453094706864,0.21810989291309607,17.247657339904027,2.649766256247563,17426.4185045889,True,False,False
410,0.6870430039061634,1.1258383626298627,17.247657339904027,5.1900250269368176,92811.5053348848,True,True,True
411,0.5694650231074938,0.8915343270675243,0.0,22.718124826951804,73746.04775388395,True,True,True
412,0.9915829035663131,0.5521118193136545,0.0,0.0,33126.70915881927,True,True,True
413,0.6860138774693719,0.4689116577737849,40.0,11.999332192466799,52517.792527926445,True,True,True
414,0.12038086560968475,1.2751922649437308,0.0,18.64528250535372,0.0,False,False,False
415,0.7224013461876885,0.23306433893802858,40.0,8.387136926305338,25261.17641711494,True,False,False
416,0.5535084689713516,1.465101767523608,40.0,3.029285978886062,150948.38899436124,True,True,True
417,0.8656930549251418,1.126767947857382,0.0,14.400235519024324,83831.80069587694,True,True,True
418,0.5775197030146801,1.1158684065544497,17.247657339904027,11.744195298537191,99303.1967999858,True,True,True
419,0.6954735437110322,0.36350560479555655,40.0,21.431117645419953,44140.891860698765,True,True,True
420,0.745153309006332,1.137457960323512,40.0,11.631829972262908,126976.51362743125,True,True,True
421,0.876688179569331,0.788274660897503,40.0,15.665714936291305,91176.35221887227,True,True,True
422,0.5364798230181189,0.5511580009812308,17.247657339904027,7.947787590419847,46956.15112050383,True,True,True
423,0.6183698588469166,0.4266251507209791,0.0,11.962347563229672,30700.947375398344,True,True,True
424,0.9348213737591313,1.0916536992192676,0.0,21.00843589880592,88433.1587168984,True,True,True
425,0.4471826399130656,1.4830434653976834,0.0,20.78659815901367,64797.45598357443,True,True,True
426,0.5896390998404458,1.1129752156317934,40.0,0.0,111297.52156317934,True,True,True
427,0.22819814272275946,0.401790863622818,40.0,0.0,0.0,False,False,False
428,0.23396835379304454,1.442924609547156,17.247657339904027,0.0,0.0,False,False,False
429,0.5369696545309217,0.5759157254824484,40.0,15.736331861694739,66654.37352880533,True,True,True
430,0.7961688150505022,1.365936036342178,40.0,23.497067998589305,168689.09556187352,True,True,True
431,0.9269518608606212,0.27474829693275965,0.0,0.0,16484.897815965578,True,False,False
432,0.7321939580915604,1.2685979525616153,40.0,9.175746631392498,138500.1286459702,True,True,True
433,0.8787251658391193,1.3565924109484369,40.0,4.596432375596756,141894.72637301593,True,True,True
434,0.27748758540703844,0.8812931528448141,40.0,2.4623991989873946,10846.315852593862,True,False,False
435,0.39224083510615215,1.1724359360876626,40.0,1.2404800730014403,52413.7724265793,True,True,True
436,0.36457503059003094,1.3643904332719463,0.0,0.0,0.0,False,False,False
437,0.2527283066086779,1.158027345217152,17.247657339904027,12.022123362638181,0.0,False,False,False
438,0.930592441281224,1.3220163543300016,17.247657339904027,0.0,102122.66633703311,True,True,True
439,0.9876568990510243,0.7915216954348326,40.0,17.406838797317043,92930.06010049647,True,True,True
440,0.5339865189114,0.5611949871073783,17.247657339904027,6.376854444200153,46929.65681254114,True,True,True
441,0.9578171414778563,0.06174146063086092,0.0,0.0,3704.487637851655,True,False,False
442,0.46423901755023433,0.9130991397312832,40.0,17.695643929828083,80215.22887150735,True,True,True
443,0.7611115303392635,0.7630038316450665,0.0,0.0,45780.22989870399,True,True,True
444,0.6152121968398173,1.039425868473505,40.0,22.37310134041888,127197.76713856113,True,True,True
445,0.3597619995171717,1.4744527602115358,40.0,2.761810409530235,53180.754604551206,True,True,True
446,0.2708090289488983,1.1580185209628695,40.0,21.256785086612577,33941.97950539867,True,True,True
447,0.17413794764029672,0.5380364929783538,0.0,17.58320389160487,0.0,False,False,False
448,0.9920694931044332,0.08395995039395707,17.247657339904027,0.0,6485.7094783077355,True,False,False
449,0.773356554349546,1.0853311203968667,40.0,0.0,108533.11203968668,True,True,True
450,0.6505934038306806,0.43087745983555875,40.0,2.2605943072981525,44061.785116403225,True,True,True
451,0.7735435902256256,0.5440467761326334,0.0,12.349401921183963,39361.458870344286,True,True,True
452,0.18978848238602572,1.1815221807349063,17.247657339904027,0.0,0.0,False,False,False
453,0.7137954660648766,0.5376960182102354,0.0,23.56162497291453,44930.75302311312,True,True,True
454,0.3674041849997074,1.4773237200285256,40.0,0.0,52650.241311154896,True,True,True
455,0.3622608399433196,0.6646581121145316,17.247657339904027,2.600421197514813,9247.806187063228,True,False,False
456,0.765681013217169,0.37080039493322736,40.0,5.90291935241469,39268.844320457094,True,True,True
457,0.9416600190261516,0.7858670777289608,17.247657339904027,0.0,60706.39073511848,True,True,True
458,0.33689734314297304,0.16396236367379619,40.0,0.5107977136081104,4429.273244660906,True,False,False
459,0.9277158698946278,0.9585494605509556,17.247657339904027,0.0,74045.70027199006,True,True,True
460,0.5797047215869251,0.30272740556379013,0.0,0.0,18163.644333827408,True,False,False
461,0.9344269992725847,1.2486413891888497,40.0,16.292707002542297,145207.8872241863,True,True,True
462,0.2362136168988178,0.9443783698467543,40.0,0.0,0.0,False,False,False
463,0.40843966935531406,1.06101389806881,0.0,0.0,9355.424514954111,True,False,False
464,0.6542463952597031,1.2777690432097657,40.0,0.0,127776.90432097657,True,True,True
465,0.9071647910873916,0.11275860189987104,40.0,4.422282851554716,11774.51062153419,True,False,False
466,0.8861260550292858,0.0862521810376328,17.247657339904027,0.0,6662.778925614425,True,False,False
467,0.3009797753048819,0.4246120106657796,0.0,0.0,0.0,False,False,False
468,0.5037986081885465,0.2474926028818834,40.0,0.0,24749.26028818834,True,False,False
469,0.1628909795685632,1.0749219734995419,40.0,0.0,0.0,False,False,False
470,0.365901505552914,0.23873928893740315,40.0,0.0,8398.308396584953,True,False,False
471,0.9021077599310953,1.0405997855931046,0.0,8.856553292386128,71652.1145927372,True,True,True
472,0.9093099253654863,1.4801062407530654,40.0,0.0,148010.62407530655,True,True,True
473,0.9401020602451533,1.4956532791668486,40.0,11.627089874133272,166955.42301409997,True,True,True
474,0.5157267502265271,0.45384720040589327,17.247657339904027,0.0,35058.63302162919,True,True,True
475,0.7263707720879033,1.2688657927673863,17.247657339904027,23.415668681160714,127728.25097432018,True,True,True
476,0.5245971613210306,0.3411997052037099,40.0,0.0,34119.97052037099,True,True,True
477,0.8812679702209125,1.3534871794576107,17.247657339904027,0.0,104553.7138526947,True,True,True
478,0.809278406549913,1.284496978039012,40.0,6.00748907762417,136166.29936971184,True,True,True
479,0.883558337422864,1.3831623257345804,17.247657339904027,11.197720614017992,122334.31467122078,True,True,True
480,0.6098333577619662,0.3708866262465079,40.0,6.501764610180763,39500.08016556968,True,True,True
481,0.5639687269166125,0.19572765416567517,0.0,11.099176464885774,13916.075022583474,True,False,False
482,0.6776401682278386,0.2501343984676864,40.0,22.3131002411151,30594.713753529155,True,True,True
483,0.8065078732344093,0.22531899390121662,0.0,16.954083133372418,17339.216588202056,True,False,False
484,0.24397864306804012,0.7343720958345757,17.247657339904027,0.0,0.0,False,False,False
485,0.8252302588406248,0.3648404959993636,0.0,16.717195324319345,27989.539593804726,True,True,True
486,0.8663970798958406,0.6379286236396134,0.0,0.0,38275.71741837681,True,True,True
487,0.8269704439990171,0.600915146110303,40.0,0.0,60091.514611030296,True,True,True
488,0.9018412124121413,0.28322440397226606,0.0,0.9130344712232674,17252.057882254307,True,False,False
489,0.9252339548514986,0.7447649557953576,40.0,19.546110312178417,89033.7535621565,True,True,True
490,0.40401346939163063,0.7945662149257546,17.247657339904027,20.165009724907925,35552.26633264771,True,True,True
491,0.6996978444242179,1.096507042620766,17.247657339904027,21.99898303547321,108824.64012805159,True,True,True
492,0.94208519662528,0.9830781680975073,0.0,0.0,58984.69008585044,True,True,True
493,0.6452398450602054,0.6576231672599964,40.0,10.691953232290277,72793.59287481413,True,True,True
494,0.5568773693341329,0.09525777736519583,17.247657339904027,15.854079941888887,8868.664562301981,True,False,False
495,0.8306017585302162,0.9409399096036711,40.0,9.40740140964889,102945.79039236758,True,True,True
496,0.859779372719708,1.4217348462579404,17.247657339904027,24.03651696031142,143999.23997707924,True,True,True
497,0.8736477573480426,0.9310111546320418,0.0,22.620306553955245,76920.42700085112,True,True,True
498,0.31901097393183403,0.6939905789221671,40.0,0.0,14812.472917680587,True,False,False
499,0.33613650418900637,1.0795316634391454,0.0,24.75278362008579,11911.262360556866,True,False,False
