filename,run_key,bytes,sha256,sample_count,trip_time_s,trip_cause_mask,max_relative_metric_error,passed,message
LFT_matched_case01_baseline_12.5us.mat,LFT_matched_case01_baseline_12.5us,11053250,6c7f1f97f7201a291794c774f718c10a376af430f07bfb05732b2dd5adbe227f,160001,,0.0,1.96891965508272e-15,1,PASS
LFT_matched_case01_baseline_25us.mat,LFT_matched_case01_baseline_25us,5691935,71cf4325aac4af676c741db617e74bf048b847294d5ad43c34eae80fa9db0f98,80001,,0.0,6.80787700728254e-16,1,PASS
LFT_matched_case01_ramp20ms_12.5us.mat,LFT_matched_case01_ramp20ms_12.5us,12216439,0ce4e073c3324aa587d38dbcd1029c3730508c76abe5b8d53045ca8ecaf2568f,160001,,0.0,2.65389789212674e-15,1,PASS
LFT_matched_case01_ramp20ms_25us.mat,LFT_matched_case01_ramp20ms_25us,6294819,96f36f006f8e9007d3196e434f0410600cfb9e74a44acc3b94a1db24765f733d,80001,,0.0,4.4231631538929e-15,1,PASS
LFT_matched_case02_baseline_12.5us.mat,LFT_matched_case02_baseline_12.5us,11155357,5b161f9445db60d038fb7159d19dbb8b4146d2bf7cca4e67294e90996a973d5f,160001,,0.0,1.96893866865054e-15,1,PASS
LFT_matched_case02_baseline_25us.mat,LFT_matched_case02_baseline_25us,5743976,9d80539701cf8eeab53e0b7a03086d9572e319cf0bc694a0feff96527efc361f,80001,,0.0,1.53139674237102e-15,1,PASS
LFT_matched_case02_ramp20ms_12.5us.mat,LFT_matched_case02_ramp20ms_12.5us,12308240,0dceeb5df68458c0938826fa61157d373e170eb7f8f2b814370915d4abecede8,160001,,0.0,3.09621623813356e-15,1,PASS
LFT_matched_case02_ramp20ms_25us.mat,LFT_matched_case02_ramp20ms_25us,6341390,c3ebb8c18bc2f94438717b8cb1bd2eca5cbcc7f13562ab23a679baefa6dade3b,80001,,0.0,1.32694981660217e-15,1,PASS
LFT_matched_case03_baseline_12.5us.mat,LFT_matched_case03_baseline_12.5us,6776204,4efade228d385d7388ade672ebd5f717233747d4c154bf5429d02ae2be41bb32,160001,0.6839875,1.0,3.71902016773012e-15,1,PASS
LFT_matched_case03_baseline_25us.mat,LFT_matched_case03_baseline_25us,3522611,835f1aece08dbb3abd7d306ae5a2bf9bb8fa8e7d130b4d3ef76c3872fd2239d1,80001,0.684,1.0,3.7190201679483205e-15,1,PASS
LFT_matched_case03_ramp20ms_12.5us.mat,LFT_matched_case03_ramp20ms_12.5us,7102684,6337a98900a27cae69475492045d6bc106f32ced4bf41a71d732329d3c6a5dee,160001,0.6896625,1.0,3.8426786414161905e-15,1,PASS
LFT_matched_case03_ramp20ms_25us.mat,LFT_matched_case03_ramp20ms_25us,3700119,26616135ec401b81b3f9c040648406e68cb0ba651f61f4b1d3cdeb3c7af8f4d9,80001,0.689675,1.0,4.423159749982841e-15,1,PASS
LFT_matched_case04_baseline_12.5us.mat,LFT_matched_case04_baseline_12.5us,11163908,1c0b97db29f3b630e763d5c54f6f7fe7bb2fdb175a4d241295ffa99d2aa2d9b2,160001,,0.0,1.96891965508272e-15,1,PASS
LFT_matched_case04_baseline_25us.mat,LFT_matched_case04_baseline_25us,5735548,487e1a6a0b08b1531ffc07d77a5cd6623f1a9406e9b0f249c97c584c91227da8,80001,,0.0,4.759539568767989e-16,1,PASS
LFT_matched_case04_ramp20ms_12.5us.mat,LFT_matched_case04_ramp20ms_12.5us,12255101,f83ed74820592b35e7e7b251f8cb4c234138973969cf6f8a4965889724007b10,160001,,0.0,2.65389789212674e-15,1,PASS
LFT_matched_case04_ramp20ms_25us.mat,LFT_matched_case04_ramp20ms_25us,6305909,f5d68ad9eea94940f25bab1eca39ec42a70ddea2244743eb916409d9b4a2fef3,80001,,0.0,4.4231631538929e-15,1,PASS
LFT_matched_case05_baseline_12.5us.mat,LFT_matched_case05_baseline_12.5us,6977317,cf5249a58c05f7dfac850ec6c99c2d2585205fde872b0e69a2dfdade3cfe7b2e,160001,0.754875,1.0,1.96891965508272e-15,1,PASS
LFT_matched_case05_baseline_25us.mat,LFT_matched_case05_baseline_25us,3605260,7f1fe023cf3f7590a4d97621ddf6515eb1b11ed2b517fb520bef634190b23a41,80001,0.754875,1.0,7.10544836180085e-16,1,PASS
LFT_matched_case05_ramp20ms_12.5us.mat,LFT_matched_case05_ramp20ms_12.5us,7369662,0e488f9fb90a13fd81e2e9152d7ab57bbf5beab9a79c5fdb9dabc0fb32164421,160001,0.760175,1.0,2.65389789212674e-15,1,PASS
LFT_matched_case05_ramp20ms_25us.mat,LFT_matched_case05_ramp20ms_25us,3816812,041abde011690f40f22d61ec8c8b38c11c1606374da314a6a822f0fc5b11919e,80001,0.760175,1.0,4.4231631538929e-15,1,PASS
LFT_matched_case06_baseline_12.5us.mat,LFT_matched_case06_baseline_12.5us,11200564,3becb526b8e2453d4aac585f6ee97f557daea841c3456224912382d189973192,160001,,0.0,1.96891965508272e-15,1,PASS
LFT_matched_case06_baseline_25us.mat,LFT_matched_case06_baseline_25us,5767291,e22806407276561f79bf7d369aaff1e3bc1be7132c4df3e581c45de1a0ba3f92,80001,,0.0,1.30266168223331e-15,1,PASS
LFT_matched_case06_ramp20ms_12.5us.mat,LFT_matched_case06_ramp20ms_12.5us,12363172,da977698fd5d2cc7169d769b8503938c5b37768676d892dacea7552f292b09a7,160001,,0.0,2.65389789212674e-15,1,PASS
LFT_matched_case06_ramp20ms_25us.mat,LFT_matched_case06_ramp20ms_25us,6371003,aa276a7a38e4bb5000f23453092de6763d8c89b9358da9dcc68afc5515aa16a5,80001,,0.0,4.4231631538929e-15,1,PASS
LFT_matched_case07_baseline_12.5us.mat,LFT_matched_case07_baseline_12.5us,11200671,d0efbeec3b1c0f7988ae6467c73214a39a6d0b740ed131a3ec7d35ee0bc6c930,160001,,0.0,1.96891965508272e-15,1,PASS
LFT_matched_case07_baseline_25us.mat,LFT_matched_case07_baseline_25us,5766986,158d6aa76f7d39ee8594023d59a45bf166bb0a0194e37e036b2d67c2c3c6f7c4,80001,,0.0,5.635385956552109e-16,1,PASS
LFT_matched_case07_ramp20ms_12.5us.mat,LFT_matched_case07_ramp20ms_12.5us,12364776,4225581a8a5a5a127d95ec65e87174d255a1167e41a2d02dab2e6f8b7b99fc14,160001,,0.0,2.65389789212674e-15,1,PASS
LFT_matched_case07_ramp20ms_25us.mat,LFT_matched_case07_ramp20ms_25us,6371184,c01298b19f3bfe109638d4d457e44b3356320837703e7ef0dba34d7e28bb0551,80001,,0.0,4.4231631538929e-15,1,PASS
LFT_matched_case08_baseline_12.5us.mat,LFT_matched_case08_baseline_12.5us,11345941,8e28e795725c814cb37e5e0d8aa63264a8db8ad644e75798ab7ff83fe14d797c,160001,,0.0,2.96601985942457e-15,1,PASS
LFT_matched_case08_baseline_25us.mat,LFT_matched_case08_baseline_25us,5817088,5764f9361cb5678a3a0fd713797a42d6589bce3141b44154613239a8cc51fe1a,80001,,0.0,3.2091772176872e-15,1,PASS
LFT_matched_case08_ramp20ms_12.5us.mat,LFT_matched_case08_ramp20ms_12.5us,12466566,63753f849cf5678255a931cd4fa940c81a57e6ad7cdb336408d592f61e231bf7,160001,,0.0,3.09621623813356e-15,1,PASS
LFT_matched_case08_ramp20ms_25us.mat,LFT_matched_case08_ramp20ms_25us,6395493,cbe7694c5161ea212626feb9bae00e65d319edbe4a96713af50fce74c61588fd,80001,,0.0,3.2091772176872e-15,1,PASS
LFT_matched_case09_baseline_12.5us.mat,LFT_matched_case09_baseline_12.5us,11158753,230645cf1b39e95cfb02efe5965dcd4fa722295d71184bcae4e41da526870149,160001,,0.0,4.8127622574652e-15,1,PASS
LFT_matched_case09_baseline_25us.mat,LFT_matched_case09_baseline_25us,5751557,33a54838c709760eb96b30f9831767d34ec0b6c7b51cec39da38fb211429b3e8,80001,,0.0,3.71895266573746e-15,1,PASS
LFT_matched_case09_ramp20ms_12.5us.mat,LFT_matched_case09_ramp20ms_12.5us,12364153,74b7d9f415b12f2783e99c54d6fb11ed49a0cc231dcbc0040ae6fa370d0deb9b,160001,,0.0,3.09621623813356e-15,1,PASS
LFT_matched_case09_ramp20ms_25us.mat,LFT_matched_case09_ramp20ms_25us,6374235,e4e0a0491f3cd09dde1f7956a6bda43f18ee1857b864875beff755b7a76a098a,80001,,0.0,1.32694981660217e-15,1,PASS
LFT_matched_case10_baseline_12.5us.mat,LFT_matched_case10_baseline_12.5us,11179311,6bf6b4a7ed730ed1ea6f3b3cd62ff7b0b9599982c5d6aedc6f5384395ac03d8e,160001,,0.0,3.71902016773012e-15,1,PASS
LFT_matched_case10_baseline_25us.mat,LFT_matched_case10_baseline_25us,5766016,1f23503beb797dc7d0d4bd2d40f16e0d0dedf74e0155544371316f0dd9257874,80001,,0.0,3.7190201679483205e-15,1,PASS
LFT_matched_case10_ramp20ms_12.5us.mat,LFT_matched_case10_ramp20ms_12.5us,12314019,2b66b6881fdebce1177cd3bc111a75f7c0e887ee788a80a1769eefce527e767c,160001,,0.0,1.99042188706058e-15,1,PASS
LFT_matched_case10_ramp20ms_25us.mat,LFT_matched_case10_ramp20ms_25us,6352712,0727cba5ddf36c073e76249f2466dcd641266a80e8519cce5a7a7047e4bea721,80001,,0.0,4.423159749982841e-15,1,PASS
LFT_matched_case11_baseline_12.5us.mat,LFT_matched_case11_baseline_12.5us,6922562,36a1f0ac5f068eff8b906145b3935942ac89dd52fa02bc7304a50fec2c302918,160001,0.6839875,1.0,3.71902016773012e-15,1,PASS
LFT_matched_case11_baseline_25us.mat,LFT_matched_case11_baseline_25us,3597553,822bde438f9a15e546daa68d3229dbf3e469ddca180bdd1a6ed8c976f549f23e,80001,0.684,1.0,3.7190201679483205e-15,1,PASS
LFT_matched_case11_ramp20ms_12.5us.mat,LFT_matched_case11_ramp20ms_12.5us,7249394,505603029986aaf912c8e3bba710610aadcf18c5a365bd0046e06f93c69b4f86,160001,0.6896625,1.0,2.48689957516649e-15,1,PASS
LFT_matched_case11_ramp20ms_25us.mat,LFT_matched_case11_ramp20ms_25us,3775047,732952f1996fcdbd921e0d4ca0c59505bcf7cf26439a9a1e711eda089be560e4,80001,0.689675,1.0,4.423159749982841e-15,1,PASS
SST_case01_baseline_12.5us.mat,SST_case01_baseline_12.5us,13563014,acb8dd40e076b81c5d9d5ae84c859bfe9e5abf902137e919e07b4d036f2f88be,160001,0.706775,4.0,3.1930226859212103e-15,1,PASS
SST_case01_baseline_25us.mat,SST_case01_baseline_25us,6971241,d18cb9d98be885dc61bcf0fb26a57ec0c5afc091d4649195ad0d823edb3970ab,80001,0.706775,4.0,1.57205825367241e-15,1,PASS
SST_case01_ramp20ms_12.5us.mat,SST_case01_ramp20ms_12.5us,30665977,1e8188356db3eb10562aa2e32d5bb01d57d657128d97a9c6be8762b83cf37b5d,160001,,0.0,2.1678560373071002e-15,1,PASS
SST_case01_ramp20ms_25us.mat,SST_case01_ramp20ms_25us,15686278,b4df85a0676b937faa4481e76970cb7558cbff986db984a6ca6ccdbeb325914e,80001,,0.0,1.5766662343477502e-15,1,PASS
SST_case02_baseline_12.5us.mat,SST_case02_baseline_12.5us,29318186,bca6780cd5a62c36fe12e4ea1c99445dbfd9fdacc1b7eace463de8e43c15499d,160001,,0.0,1.96893866865054e-15,1,PASS
SST_case02_baseline_25us.mat,SST_case02_baseline_25us,15079983,fc7158f0bb9927048c518e1d93a177ef2e346dd290a3796cf478dcc610f8d246,80001,,0.0,1.53139674237102e-15,1,PASS
SST_case02_ramp20ms_12.5us.mat,SST_case02_ramp20ms_12.5us,30453877,9f831d347cfa79f55e8e59f2ef2bccafd6e2ccbb68d00db040006162aacf1467,160001,,0.0,2.8750579354097302e-15,1,PASS
SST_case02_ramp20ms_25us.mat,SST_case02_ramp20ms_25us,15671493,c67b4118785a366904b5d1fb51eb68d736faec9669497df42850abf77a717c14,80001,,0.0,1.37141580970103e-15,1,PASS
SST_case03_baseline_12.5us.mat,SST_case03_baseline_12.5us,13205851,6008165341c82c60c6c6d702e1128305a33e9d85f14e55cc21ff715accb2a6b5,160001,0.6811125,2.0,4.15655195216896e-15,1,PASS
SST_case03_baseline_25us.mat,SST_case03_baseline_25us,6811787,f333163a837a394fa0a982cc5a17bf40622b64d3ab5b709c960bb36894e2a3b4,80001,0.681125,2.0,4.15655195241283e-15,1,PASS
SST_case03_ramp20ms_12.5us.mat,SST_case03_ramp20ms_12.5us,13569360,c24a7a93dc4b28d813babd8dd7f0d9216fcfc96c8bf12c9d52b26c99013e1d3f,160001,0.6865875,2.0,3.83156702026978e-15,1,PASS
SST_case03_ramp20ms_25us.mat,SST_case03_ramp20ms_25us,7007471,cfcf593388c43f76a570dac5877a25d330d13f23784fe035ddb22081135fe565,80001,0.6866,2.0,4.64431773748199e-15,1,PASS
SST_case04_baseline_12.5us.mat,SST_case04_baseline_12.5us,29625442,ae40e9a84b607f41aa91343e780fb9c29502e216d10bb6756c9785c291d0ab41,160001,,0.0,2.4064573562122104e-15,1,PASS
SST_case04_baseline_25us.mat,SST_case04_baseline_25us,15130225,95e98c7b8b5904fd48901451360706484f4cbeb4d3f4d679c8d3b21fbd9977b4,80001,,0.0,6.86769936638021e-16,1,PASS
SST_case04_ramp20ms_12.5us.mat,SST_case04_ramp20ms_12.5us,30710235,dff19ca01a37be65a12505bb9de197fa108d682e99571b2fd088697f818f1599,160001,,0.0,2.8750560498039603e-15,1,PASS
SST_case04_ramp20ms_25us.mat,SST_case04_ramp20ms_25us,15694980,4c84bcb565b408bbee58aacb679736ed651c884474a8fb496e4ad47674f8aaba,80001,,0.0,4.4231631538929e-15,1,PASS
SST_case05_baseline_12.5us.mat,SST_case05_baseline_12.5us,14048363,cbfb0784910dedcdae0dbaed47fbec6e24e0ab427184bacb5f56fb13655ae965,160001,0.7513875,2.0,2.4064573562122104e-15,1,PASS
SST_case05_baseline_25us.mat,SST_case05_baseline_25us,7222460,fc92b7680bc3ebae70b9cb7fabb27bbf5507d27f739d41516f1b56b23ebd7e23,80001,0.7514,2.0,6.48259822811855e-16,1,PASS
SST_case05_ramp20ms_12.5us.mat,SST_case05_ramp20ms_12.5us,14453767,c4e103bdcd4e8a5137d551762222d359d9e51b7f5fa784fd71860c14de128e94,160001,0.756325,2.0,2.8750560498039603e-15,1,PASS
SST_case05_ramp20ms_25us.mat,SST_case05_ramp20ms_25us,7452423,1a5475251454dd8269729cb9a4166ced9e3f63ccb4982836680f7efb62983fdd,80001,0.756325,2.0,4.4231631538929e-15,1,PASS
SST_case06_baseline_12.5us.mat,SST_case06_baseline_12.5us,13679578,685fb04fe9c475415d10b31679faaa9133f752f90b026dd5bbc62c12fe5afb3d,160001,0.704675,4.0,1.9530102392648902e-15,1,PASS
SST_case06_baseline_25us.mat,SST_case06_baseline_25us,7037810,bf2e15f24ff2e08e7a7fbb0514c19f7ae8875a6f148b320a74950d1719c21411,80001,0.704675,4.0,1.5735766681736502e-15,1,PASS
SST_case06_ramp20ms_12.5us.mat,SST_case06_ramp20ms_12.5us,30812004,5e2f2d15b066751c250dbe712add7ce46cf9dd9d8d5734a110943aa5ff813919,160001,,0.0,2.37185570338193e-15,1,PASS
SST_case06_ramp20ms_25us.mat,SST_case06_ramp20ms_25us,15762692,d07120fd2b4d640bbd0c6ee33df33f0241ecd8c9eb39fb040233bfd00b2bedfa,80001,,0.0,1.5812593080977202e-15,1,PASS
SST_case07_baseline_12.5us.mat,SST_case07_baseline_12.5us,13705496,e01a770df811a63fb295ae9df5adbdf9b2999fe988cc8fbbc912ee49740a6a00,160001,0.7061125,4.0,3.3754427106312802e-15,1,PASS
SST_case07_baseline_25us.mat,SST_case07_baseline_25us,7044998,afc99253cfff639e86efb21638c2c083d612cb1d4711997f19bce1e83828b85b,80001,0.706125,4.0,3.37436917021096e-15,1,PASS
SST_case07_ramp20ms_12.5us.mat,SST_case07_ramp20ms_12.5us,30816234,525881e95453128169565843d8bbe9604272455ef7c3a061878839c02afacfe6,160001,,0.0,1.6579330501025201e-15,1,PASS
SST_case07_ramp20ms_25us.mat,SST_case07_ramp20ms_25us,15763410,2291080215aef9fc28700b93ec7267f95a825807c4b431f4cc0be26411fd4494,80001,,0.0,3.144017583396e-15,1,PASS
SST_case08_baseline_12.5us.mat,SST_case08_baseline_12.5us,29461666,4f2ea42e0ef3ca9b67b2ac3b81c500c542c29e0a74488b82fe15644323e46d7a,160001,,0.0,2.96601985942457e-15,1,PASS
SST_case08_baseline_25us.mat,SST_case08_baseline_25us,15158919,fc4dcbe87642d9971f0ddd1e3178c34406434674ae850de22ed5e2c1a95c481a,80001,,0.0,3.2091772176872e-15,1,PASS
SST_case08_ramp20ms_12.5us.mat,SST_case08_ramp20ms_12.5us,30557833,3f7794342a290edd395b13f519a313bc61ff2f134f6d5567e95180c831fea0ec,160001,,0.0,2.96601985942457e-15,1,PASS
SST_case08_ramp20ms_25us.mat,SST_case08_ramp20ms_25us,15727778,88b29fa39704ac46c69125205cd2d846ce32806854ea63bc962db314185c1a65,80001,,0.0,3.2091772176872e-15,1,PASS
SST_case09_baseline_12.5us.mat,SST_case09_baseline_12.5us,14804634,4fc3f24863241401753c6efee45416c76d3722f2843b0de76b00edeace83fa13,160001,0.8061375,4.0,3.0790185216193204e-15,1,PASS
SST_case09_baseline_25us.mat,SST_case09_baseline_25us,7612676,f5cec00d7b40ef6ee62a916c3568068338cc7e15ee283055bb50caae557bc8b4,80001,0.80615,4.0,1.7294169295757602e-15,1,PASS
SST_case09_ramp20ms_12.5us.mat,SST_case09_ramp20ms_12.5us,30568199,beffae44fa94d64ef42f5395b0a45746205fea60f9c1f828bca6adf22b3c8361,160001,,0.0,3.0790185216193204e-15,1,PASS
SST_case09_ramp20ms_25us.mat,SST_case09_ramp20ms_25us,15715877,5185c2d9efc6e24ec8be8af91152848436bffecd78b47806c3d0fe8c17caf97c,80001,,0.0,3.0940482729029704e-15,1,PASS
SST_case10_baseline_12.5us.mat,SST_case10_baseline_12.5us,29474227,2470d6b806102b82d5849ea4744fa63d09f79d6c9065c18811eeed8868d0a0e3,160001,,0.0,1.4535798783221501e-15,1,PASS
SST_case10_baseline_25us.mat,SST_case10_baseline_25us,15148125,a48f3708d97ae95e51abcebe63e9d9e7dcb72e4d644d13950a2deb8b6ac80a0c,80001,,0.0,8.233964413279529e-16,1,PASS
SST_case10_ramp20ms_12.5us.mat,SST_case10_ramp20ms_12.5us,30600472,393ba39670ec372104c1570763a520941dcc7eff5ae3715c920b4e1baf90c9ac,160001,,0.0,1.7692638996094e-15,1,PASS
SST_case10_ramp20ms_25us.mat,SST_case10_ramp20ms_25us,15720922,ec9db182dfd361bddfb161954a6fed25a91cfeda0cf9852aa497617d1e332073,80001,,0.0,4.64431773748199e-15,1,PASS
SST_case11_baseline_12.5us.mat,SST_case11_baseline_12.5us,13353216,0d837e513b31bf88b1d57b503eca3bc17e0fe3ab04815b94b6d46b39da1077e8,160001,0.6811125,2.0,4.15655195216896e-15,1,PASS
SST_case11_baseline_25us.mat,SST_case11_baseline_25us,6886843,33c21d712740d0c4adc10d01ba7416e03c83e8117940369a0f3ab8ac6343777a,80001,0.681125,2.0,4.15655195241283e-15,1,PASS
SST_case11_ramp20ms_12.5us.mat,SST_case11_ramp20ms_12.5us,13716293,b19722b0871661da77145c7006947a9af0d4c629e148d6970d272ee20cb3cc5c,160001,0.6865875,2.0,2.48689957516649e-15,1,PASS
SST_case11_ramp20ms_25us.mat,SST_case11_ramp20ms_25us,7082531,ed23000ac0697f81b2d51d92e760194602d06d815e56d9838f1bf1644596faf9,80001,0.6866,2.0,4.64431773748199e-15,1,PASS
SST_minmax_case01_baseline_12.5us.mat,SST_minmax_case01_baseline_12.5us,29499660,2765b922f293660ee0d473eef674491c363a6376bc5ae2a01166c252b724ff9b,160001,,0.0,2.1876885056474703e-15,1,PASS
SST_minmax_case01_baseline_25us.mat,SST_minmax_case01_baseline_25us,15081820,63fcce8759a233cb3fae23a7689e4690be3d5e9d5a0105b25e1671535853c21e,80001,,0.0,9.58150609107186e-16,1,PASS
SST_minmax_case01_ramp20ms_12.5us.mat,SST_minmax_case01_ramp20ms_12.5us,30647579,23da1e9bba6a9382f3d2314c8222f22a324f940d1dc0f5b9dfbfd6440d36c582,160001,,0.0,2.65389789212674e-15,1,PASS
SST_minmax_case01_ramp20ms_25us.mat,SST_minmax_case01_ramp20ms_25us,15678490,520c98e38ae918bdc9053d848b670c19a385f18ff22d67a1f45a7377246ba1dd,80001,,0.0,4.4231631538929e-15,1,PASS
SST_minmax_case02_baseline_12.5us.mat,SST_minmax_case02_baseline_12.5us,29318451,63dd4925b6be5b206740d978b63b57c07d1093eda8f99ca47e1d6954f2b6e73f,160001,,0.0,1.5313967422837501e-15,1,PASS
SST_minmax_case02_baseline_25us.mat,SST_minmax_case02_baseline_25us,15079205,e0945020937c31a5a3dc7c03989ba234c23258d375b6b0edf421c1fe6329ffd4,80001,,0.0,1.7501677055668802e-15,1,PASS
SST_minmax_case02_ramp20ms_12.5us.mat,SST_minmax_case02_ramp20ms_12.5us,30455769,a7754466cebd8aa03b3babe2c981736117c530be30f193205536fdc4e3238a8d,160001,,0.0,3.3173745408573803e-15,1,PASS
SST_minmax_case02_ramp20ms_25us.mat,SST_minmax_case02_ramp20ms_25us,15669922,231d65d3c3b48231f4f705e112ed62fea480f5032c4784103729fbf58a20d2c0,80001,,0.0,1.37141580970103e-15,1,PASS
SST_minmax_case03_baseline_12.5us.mat,SST_minmax_case03_baseline_12.5us,13205365,fa0b913a6714a72796ff7004d6c73991b5d4d224b22d35f8e0377b6a80443256,160001,0.6811125,2.0,3.93778605994954e-15,1,PASS
SST_minmax_case03_baseline_25us.mat,SST_minmax_case03_baseline_25us,6811314,80beee8548961980593781305deb29799545f5860852a45649dcec9fd565736c,80001,0.681125,2.0,4.15655195241283e-15,1,PASS
SST_minmax_case03_ramp20ms_12.5us.mat,SST_minmax_case03_ramp20ms_12.5us,13569063,a9946c58df96f2e0e2a0c52f00d2e2f8dffd10f35f803d232c7bf6a18ed98e37,160001,0.6865875,2.0,3.83156702026978e-15,1,PASS
SST_minmax_case03_ramp20ms_25us.mat,SST_minmax_case03_ramp20ms_25us,7006989,5b0c1869c4df6ab447dda8a90a59ae7fa7c9bf3f3261523b9d50b864f9db4b43,80001,0.6866,2.0,4.64431773748199e-15,1,PASS
SST_minmax_case04_baseline_12.5us.mat,SST_minmax_case04_baseline_12.5us,29623302,8492143958e264beafc4d96196e26dacac7e12d8c2abae50ced1d044fecf7e44,160001,,0.0,2.1876885056474703e-15,1,PASS
SST_minmax_case04_baseline_25us.mat,SST_minmax_case04_baseline_25us,15130306,692cdfca375cf51ff568fec193a5f3e6e1c1788887df8aa14baa388cd7c197a7,80001,,0.0,8.24123923965625e-16,1,PASS
SST_minmax_case04_ramp20ms_12.5us.mat,SST_minmax_case04_ramp20ms_12.5us,30708229,d58d121062716dc16924bb153d67b41db6b71ecc3ba704e07244223efee45768,160001,,0.0,2.65389789212674e-15,1,PASS
SST_minmax_case04_ramp20ms_25us.mat,SST_minmax_case04_ramp20ms_25us,15693956,24ad9770dfb133321de07729eeeae981067eb1b63c1311a1bdeefec2c457b967,80001,,0.0,4.4231631538929e-15,1,PASS
SST_minmax_case05_baseline_12.5us.mat,SST_minmax_case05_baseline_12.5us,14045258,c6de76601dd0daafa35ff7ea9d2032301a491041c13b501f09d686abc3bd72b7,160001,0.7513875,2.0,2.1876885056474703e-15,1,PASS
SST_minmax_case05_baseline_25us.mat,SST_minmax_case05_baseline_25us,7221988,3f96b06358bd8fbab4970e2341a88c71b78b76a6fcd6804b9d904062c051058d,80001,0.7514,2.0,9.72389734217783e-16,1,PASS
SST_minmax_case05_ramp20ms_12.5us.mat,SST_minmax_case05_ramp20ms_12.5us,14453185,e100de7c42d6cd8057091a871f2fb5aa537613fa52a291a2327c02568b9c16c8,160001,0.756325,2.0,2.65389789212674e-15,1,PASS
SST_minmax_case05_ramp20ms_25us.mat,SST_minmax_case05_ramp20ms_25us,7451211,5f658f96f45d0a2ce2b087f724548667be06bb632277e6693783532de9b60e68,80001,0.756325,2.0,4.4231631538929e-15,1,PASS
SST_minmax_case06_baseline_12.5us.mat,SST_minmax_case06_baseline_12.5us,29649301,6cf31371bf64448c117a374f778d77556bcc059556ac5f26381553651844fd0b,160001,,0.0,2.1876885056474703e-15,1,PASS
SST_minmax_case06_baseline_25us.mat,SST_minmax_case06_baseline_25us,15157799,783080ac1e8eb9f942b9f39dff07d42324ce07528bfb7dead52305a283e786bc,80001,,0.0,1.30266168223331e-15,1,PASS
SST_minmax_case06_ramp20ms_12.5us.mat,SST_minmax_case06_ramp20ms_12.5us,30795346,14f224e3936f5a44251fa4b99db7c6837c2c757930e77c054c6e6a77b025afec,160001,,0.0,2.65389789212674e-15,1,PASS
SST_minmax_case06_ramp20ms_25us.mat,SST_minmax_case06_ramp20ms_25us,15754058,3bb82067f14cd2fbac71734c4d60ad71cbbf1c4a3886460ebff483b10d3ab046,80001,,0.0,4.4231631538929e-15,1,PASS
SST_minmax_case07_baseline_12.5us.mat,SST_minmax_case07_baseline_12.5us,29647192,c058f26c76cf3b942df22a0c670d9dcb4d835d567f21f05429faedf384a45537,160001,,0.0,2.1876885056474703e-15,1,PASS
SST_minmax_case07_baseline_25us.mat,SST_minmax_case07_baseline_25us,15157631,8e4884199a44fad9fb723e34e984ad9d5a3fb50524a286d95009d94ee265013f,80001,,0.0,5.68434188608078e-16,1,PASS
SST_minmax_case07_ramp20ms_12.5us.mat,SST_minmax_case07_ramp20ms_12.5us,30797278,506afd3bb69ab73c1b3f8b2bf2a16d7ae290c3a4886bfb92e865f5373fd691dd,160001,,0.0,2.65389789212674e-15,1,PASS
SST_minmax_case07_ramp20ms_25us.mat,SST_minmax_case07_ramp20ms_25us,15753412,f75ced423e11dea0e0c60270852d2145c75c649fc5687c545d003e9ec9b3d586,80001,,0.0,4.4231631538929e-15,1,PASS
SST_minmax_case08_baseline_12.5us.mat,SST_minmax_case08_baseline_12.5us,29465190,1fe47a6878745dfa8b60464c9d321398ea471d9877aa8b191e0b70b34d13ce50,160001,,0.0,2.96601985942457e-15,1,PASS
SST_minmax_case08_baseline_25us.mat,SST_minmax_case08_baseline_25us,15157417,3257d5d9519b85346d85a9de2b2f565b5dcc7951f86e0730509c7cf9498084a8,80001,,0.0,3.2091772176872e-15,1,PASS
SST_minmax_case08_ramp20ms_12.5us.mat,SST_minmax_case08_ramp20ms_12.5us,30561835,d98767e35fa2b96cfcb600140cbab11c50bdef4ab7704ab70ead2c2d0664cb01,160001,,0.0,3.3173745408573803e-15,1,PASS
SST_minmax_case08_ramp20ms_25us.mat,SST_minmax_case08_ramp20ms_25us,15727662,da95ca38eb6aaffaaf82b2a7d707d88a4b8b2e1a6d19b2bd741c81a6c22c0b92,80001,,0.0,3.2091772176872e-15,1,PASS
SST_minmax_case09_baseline_12.5us.mat,SST_minmax_case09_baseline_12.5us,29372125,222e2e7b323f1c3c2b6673fce5e502b400fba27b97303850b348f8daaef13cb9,160001,,0.0,4.375238415877451e-15,1,PASS
SST_minmax_case09_baseline_25us.mat,SST_minmax_case09_baseline_25us,15097312,9802c0e3fe8cdcc5eabc6b3ace648691f046e34e0cd6693a089786808c971737,80001,,0.0,3.71895266573746e-15,1,PASS
SST_minmax_case09_ramp20ms_12.5us.mat,SST_minmax_case09_ramp20ms_12.5us,30561275,9957a9e206409d58fee33319ccbb7c235fab6967e7f44da23a096c7d478000d7,160001,,0.0,3.3173745408573803e-15,1,PASS
SST_minmax_case09_ramp20ms_25us.mat,SST_minmax_case09_ramp20ms_25us,15713866,f966ab30d814191c3c2d0d9dd61b197e11a1d409038f17ef9d7a55c1008a836c,80001,,0.0,1.50319648140239e-15,1,PASS
SST_minmax_case10_baseline_12.5us.mat,SST_minmax_case10_baseline_12.5us,29463356,ca7ed687ec22b3370048303633d70af4c76e21215d5c5a664c05cf137a2a777f,160001,,0.0,3.93778605994954e-15,1,PASS
SST_minmax_case10_baseline_25us.mat,SST_minmax_case10_baseline_25us,15141675,5dc1b1695bbc5e578b664c2b3f7be590b43e3c02c82c889ffff063e3d491f277,80001,,0.0,4.15655195241283e-15,1,PASS
SST_minmax_case10_ramp20ms_12.5us.mat,SST_minmax_case10_ramp20ms_12.5us,30598290,d73bb46cf4fc599b8ea34be7c3906662783c793fb87013cdc6a9af751d52b775,160001,,0.0,1.99042188706058e-15,1,PASS
SST_minmax_case10_ramp20ms_25us.mat,SST_minmax_case10_ramp20ms_25us,15722747,d1b8e04c1d5fcab53c048ebd7db16f56a962b3f26fb93b6763c6134a07afc5fa,80001,,0.0,4.64431773748199e-15,1,PASS
SST_minmax_case11_baseline_12.5us.mat,SST_minmax_case11_baseline_12.5us,13352616,7778b3562c06da54808eaff97c001a10990f6f1943b9f249ea0329d3459ef2e4,160001,0.6811125,2.0,3.93778605994954e-15,1,PASS
SST_minmax_case11_baseline_25us.mat,SST_minmax_case11_baseline_25us,6886356,2cb12024e6140124fb4263a80d9df3c027a08a5257253833cc0d4de7967cefea,80001,0.681125,2.0,4.15655195241283e-15,1,PASS
SST_minmax_case11_ramp20ms_12.5us.mat,SST_minmax_case11_ramp20ms_12.5us,13716117,7ba74a47cd3c9ac60d2cce7bf7f09d8dfe81e9101bd3dc99da19ed351bc8b52c,160001,0.6865875,2.0,2.48689957516649e-15,1,PASS
SST_minmax_case11_ramp20ms_25us.mat,SST_minmax_case11_ramp20ms_25us,7082020,e5e713abbb36e8d2c8d8488297fbc9e3751862f251d23f3587a25e60f1e11ae5,80001,0.6866,2.0,4.64431773748199e-15,1,PASS
