filename,run_key,bytes,sha256,sample_count,trip_time_s,trip_cause_mask,max_relative_metric_error,passed,message
LFT_matched_case01_baseline_12.5us.mat,LFT_matched_case01_baseline_12.5us,11053250,6c7f1f97f7201a291794c774f718c10a376af430f07bfb05732b2dd5adbe227f,160001,NaN,0,1.96891965508272e-15,1,"PASS"
LFT_matched_case01_baseline_25us.mat,LFT_matched_case01_baseline_25us,5691935,71cf4325aac4af676c741db617e74bf048b847294d5ad43c34eae80fa9db0f98,80001,NaN,0,6.80787700728254e-16,1,"PASS"
LFT_matched_case01_ramp20ms_12.5us.mat,LFT_matched_case01_ramp20ms_12.5us,12216439,0ce4e073c3324aa587d38dbcd1029c3730508c76abe5b8d53045ca8ecaf2568f,160001,NaN,0,2.65389789212674e-15,1,"PASS"
LFT_matched_case01_ramp20ms_25us.mat,LFT_matched_case01_ramp20ms_25us,6294819,96f36f006f8e9007d3196e434f0410600cfb9e74a44acc3b94a1db24765f733d,80001,NaN,0,4.4231631538929e-15,1,"PASS"
LFT_matched_case02_baseline_12.5us.mat,LFT_matched_case02_baseline_12.5us,11155357,5b161f9445db60d038fb7159d19dbb8b4146d2bf7cca4e67294e90996a973d5f,160001,NaN,0,1.96893866865054e-15,1,"PASS"
LFT_matched_case02_baseline_25us.mat,LFT_matched_case02_baseline_25us,5743976,9d80539701cf8eeab53e0b7a03086d9572e319cf0bc694a0feff96527efc361f,80001,NaN,0,1.53139674237102e-15,1,"PASS"
LFT_matched_case02_ramp20ms_12.5us.mat,LFT_matched_case02_ramp20ms_12.5us,12308240,0dceeb5df68458c0938826fa61157d373e170eb7f8f2b814370915d4abecede8,160001,NaN,0,3.09621623813356e-15,1,"PASS"
LFT_matched_case02_ramp20ms_25us.mat,LFT_matched_case02_ramp20ms_25us,6341390,c3ebb8c18bc2f94438717b8cb1bd2eca5cbcc7f13562ab23a679baefa6dade3b,80001,NaN,0,1.32694981660217e-15,1,"PASS"
LFT_matched_case03_baseline_12.5us.mat,LFT_matched_case03_baseline_12.5us,6776204,4efade228d385d7388ade672ebd5f717233747d4c154bf5429d02ae2be41bb32,160001,0.6839875,1,3.71902016773012e-15,1,"PASS"
LFT_matched_case03_baseline_25us.mat,LFT_matched_case03_baseline_25us,3522611,835f1aece08dbb3abd7d306ae5a2bf9bb8fa8e7d130b4d3ef76c3872fd2239d1,80001,0.684,1,3.71902016794832e-15,1,"PASS"
LFT_matched_case03_ramp20ms_12.5us.mat,LFT_matched_case03_ramp20ms_12.5us,7102684,6337a98900a27cae69475492045d6bc106f32ced4bf41a71d732329d3c6a5dee,160001,0.6896625,1,3.84267864141619e-15,1,"PASS"
LFT_matched_case03_ramp20ms_25us.mat,LFT_matched_case03_ramp20ms_25us,3700119,26616135ec401b81b3f9c040648406e68cb0ba651f61f4b1d3cdeb3c7af8f4d9,80001,0.689675,1,4.42315974998284e-15,1,"PASS"
LFT_matched_case04_baseline_12.5us.mat,LFT_matched_case04_baseline_12.5us,11163908,1c0b97db29f3b630e763d5c54f6f7fe7bb2fdb175a4d241295ffa99d2aa2d9b2,160001,NaN,0,1.96891965508272e-15,1,"PASS"
LFT_matched_case04_baseline_25us.mat,LFT_matched_case04_baseline_25us,5735548,487e1a6a0b08b1531ffc07d77a5cd6623f1a9406e9b0f249c97c584c91227da8,80001,NaN,0,4.75953956876799e-16,1,"PASS"
LFT_matched_case04_ramp20ms_12.5us.mat,LFT_matched_case04_ramp20ms_12.5us,12255101,f83ed74820592b35e7e7b251f8cb4c234138973969cf6f8a4965889724007b10,160001,NaN,0,2.65389789212674e-15,1,"PASS"
LFT_matched_case04_ramp20ms_25us.mat,LFT_matched_case04_ramp20ms_25us,6305909,f5d68ad9eea94940f25bab1eca39ec42a70ddea2244743eb916409d9b4a2fef3,80001,NaN,0,4.4231631538929e-15,1,"PASS"
LFT_matched_case05_baseline_12.5us.mat,LFT_matched_case05_baseline_12.5us,6977317,cf5249a58c05f7dfac850ec6c99c2d2585205fde872b0e69a2dfdade3cfe7b2e,160001,0.754875,1,1.96891965508272e-15,1,"PASS"
LFT_matched_case05_baseline_25us.mat,LFT_matched_case05_baseline_25us,3605260,7f1fe023cf3f7590a4d97621ddf6515eb1b11ed2b517fb520bef634190b23a41,80001,0.754875,1,7.10544836180085e-16,1,"PASS"
LFT_matched_case05_ramp20ms_12.5us.mat,LFT_matched_case05_ramp20ms_12.5us,7369662,0e488f9fb90a13fd81e2e9152d7ab57bbf5beab9a79c5fdb9dabc0fb32164421,160001,0.760175,1,2.65389789212674e-15,1,"PASS"
LFT_matched_case05_ramp20ms_25us.mat,LFT_matched_case05_ramp20ms_25us,3816812,041abde011690f40f22d61ec8c8b38c11c1606374da314a6a822f0fc5b11919e,80001,0.760175,1,4.4231631538929e-15,1,"PASS"
LFT_matched_case06_baseline_12.5us.mat,LFT_matched_case06_baseline_12.5us,11200564,3becb526b8e2453d4aac585f6ee97f557daea841c3456224912382d189973192,160001,NaN,0,1.96891965508272e-15,1,"PASS"
LFT_matched_case06_baseline_25us.mat,LFT_matched_case06_baseline_25us,5767291,e22806407276561f79bf7d369aaff1e3bc1be7132c4df3e581c45de1a0ba3f92,80001,NaN,0,1.30266168223331e-15,1,"PASS"
LFT_matched_case06_ramp20ms_12.5us.mat,LFT_matched_case06_ramp20ms_12.5us,12363172,da977698fd5d2cc7169d769b8503938c5b37768676d892dacea7552f292b09a7,160001,NaN,0,2.65389789212674e-15,1,"PASS"
LFT_matched_case06_ramp20ms_25us.mat,LFT_matched_case06_ramp20ms_25us,6371003,aa276a7a38e4bb5000f23453092de6763d8c89b9358da9dcc68afc5515aa16a5,80001,NaN,0,4.4231631538929e-15,1,"PASS"
LFT_matched_case07_baseline_12.5us.mat,LFT_matched_case07_baseline_12.5us,11200671,d0efbeec3b1c0f7988ae6467c73214a39a6d0b740ed131a3ec7d35ee0bc6c930,160001,NaN,0,1.96891965508272e-15,1,"PASS"
LFT_matched_case07_baseline_25us.mat,LFT_matched_case07_baseline_25us,5766986,158d6aa76f7d39ee8594023d59a45bf166bb0a0194e37e036b2d67c2c3c6f7c4,80001,NaN,0,5.63538595655211e-16,1,"PASS"
LFT_matched_case07_ramp20ms_12.5us.mat,LFT_matched_case07_ramp20ms_12.5us,12364776,4225581a8a5a5a127d95ec65e87174d255a1167e41a2d02dab2e6f8b7b99fc14,160001,NaN,0,2.65389789212674e-15,1,"PASS"
LFT_matched_case07_ramp20ms_25us.mat,LFT_matched_case07_ramp20ms_25us,6371184,c01298b19f3bfe109638d4d457e44b3356320837703e7ef0dba34d7e28bb0551,80001,NaN,0,4.4231631538929e-15,1,"PASS"
LFT_matched_case08_baseline_12.5us.mat,LFT_matched_case08_baseline_12.5us,11345941,8e28e795725c814cb37e5e0d8aa63264a8db8ad644e75798ab7ff83fe14d797c,160001,NaN,0,2.96601985942457e-15,1,"PASS"
LFT_matched_case08_baseline_25us.mat,LFT_matched_case08_baseline_25us,5817088,5764f9361cb5678a3a0fd713797a42d6589bce3141b44154613239a8cc51fe1a,80001,NaN,0,3.2091772176872e-15,1,"PASS"
LFT_matched_case08_ramp20ms_12.5us.mat,LFT_matched_case08_ramp20ms_12.5us,12466566,63753f849cf5678255a931cd4fa940c81a57e6ad7cdb336408d592f61e231bf7,160001,NaN,0,3.09621623813356e-15,1,"PASS"
LFT_matched_case08_ramp20ms_25us.mat,LFT_matched_case08_ramp20ms_25us,6395493,cbe7694c5161ea212626feb9bae00e65d319edbe4a96713af50fce74c61588fd,80001,NaN,0,3.2091772176872e-15,1,"PASS"
LFT_matched_case09_baseline_12.5us.mat,LFT_matched_case09_baseline_12.5us,11158753,230645cf1b39e95cfb02efe5965dcd4fa722295d71184bcae4e41da526870149,160001,NaN,0,4.8127622574652e-15,1,"PASS"
LFT_matched_case09_baseline_25us.mat,LFT_matched_case09_baseline_25us,5751557,33a54838c709760eb96b30f9831767d34ec0b6c7b51cec39da38fb211429b3e8,80001,NaN,0,3.71895266573746e-15,1,"PASS"
LFT_matched_case09_ramp20ms_12.5us.mat,LFT_matched_case09_ramp20ms_12.5us,12364153,74b7d9f415b12f2783e99c54d6fb11ed49a0cc231dcbc0040ae6fa370d0deb9b,160001,NaN,0,3.09621623813356e-15,1,"PASS"
LFT_matched_case09_ramp20ms_25us.mat,LFT_matched_case09_ramp20ms_25us,6374235,e4e0a0491f3cd09dde1f7956a6bda43f18ee1857b864875beff755b7a76a098a,80001,NaN,0,1.32694981660217e-15,1,"PASS"
LFT_matched_case10_baseline_12.5us.mat,LFT_matched_case10_baseline_12.5us,11179311,6bf6b4a7ed730ed1ea6f3b3cd62ff7b0b9599982c5d6aedc6f5384395ac03d8e,160001,NaN,0,3.71902016773012e-15,1,"PASS"
LFT_matched_case10_baseline_25us.mat,LFT_matched_case10_baseline_25us,5766016,1f23503beb797dc7d0d4bd2d40f16e0d0dedf74e0155544371316f0dd9257874,80001,NaN,0,3.71902016794832e-15,1,"PASS"
LFT_matched_case10_ramp20ms_12.5us.mat,LFT_matched_case10_ramp20ms_12.5us,12314019,2b66b6881fdebce1177cd3bc111a75f7c0e887ee788a80a1769eefce527e767c,160001,NaN,0,1.99042188706058e-15,1,"PASS"
LFT_matched_case10_ramp20ms_25us.mat,LFT_matched_case10_ramp20ms_25us,6352712,0727cba5ddf36c073e76249f2466dcd641266a80e8519cce5a7a7047e4bea721,80001,NaN,0,4.42315974998284e-15,1,"PASS"
LFT_matched_case11_baseline_12.5us.mat,LFT_matched_case11_baseline_12.5us,6922562,36a1f0ac5f068eff8b906145b3935942ac89dd52fa02bc7304a50fec2c302918,160001,0.6839875,1,3.71902016773012e-15,1,"PASS"
LFT_matched_case11_baseline_25us.mat,LFT_matched_case11_baseline_25us,3597553,822bde438f9a15e546daa68d3229dbf3e469ddca180bdd1a6ed8c976f549f23e,80001,0.684,1,3.71902016794832e-15,1,"PASS"
LFT_matched_case11_ramp20ms_12.5us.mat,LFT_matched_case11_ramp20ms_12.5us,7249394,505603029986aaf912c8e3bba710610aadcf18c5a365bd0046e06f93c69b4f86,160001,0.6896625,1,2.48689957516649e-15,1,"PASS"
LFT_matched_case11_ramp20ms_25us.mat,LFT_matched_case11_ramp20ms_25us,3775047,732952f1996fcdbd921e0d4ca0c59505bcf7cf26439a9a1e711eda089be560e4,80001,0.689675,1,4.42315974998284e-15,1,"PASS"
SST_case01_baseline_12.5us.mat,SST_case01_baseline_12.5us,13563014,acb8dd40e076b81c5d9d5ae84c859bfe9e5abf902137e919e07b4d036f2f88be,160001,0.706775,4,3.19302268592121e-15,1,"PASS"
SST_case01_baseline_25us.mat,SST_case01_baseline_25us,6971241,d18cb9d98be885dc61bcf0fb26a57ec0c5afc091d4649195ad0d823edb3970ab,80001,0.706775,4,1.57205825367241e-15,1,"PASS"
SST_case01_ramp20ms_12.5us.mat,SST_case01_ramp20ms_12.5us,30665977,1e8188356db3eb10562aa2e32d5bb01d57d657128d97a9c6be8762b83cf37b5d,160001,NaN,0,2.1678560373071e-15,1,"PASS"
SST_case01_ramp20ms_25us.mat,SST_case01_ramp20ms_25us,15686278,b4df85a0676b937faa4481e76970cb7558cbff986db984a6ca6ccdbeb325914e,80001,NaN,0,1.57666623434775e-15,1,"PASS"
SST_case02_baseline_12.5us.mat,SST_case02_baseline_12.5us,29318186,bca6780cd5a62c36fe12e4ea1c99445dbfd9fdacc1b7eace463de8e43c15499d,160001,NaN,0,1.96893866865054e-15,1,"PASS"
SST_case02_baseline_25us.mat,SST_case02_baseline_25us,15079983,fc7158f0bb9927048c518e1d93a177ef2e346dd290a3796cf478dcc610f8d246,80001,NaN,0,1.53139674237102e-15,1,"PASS"
SST_case02_ramp20ms_12.5us.mat,SST_case02_ramp20ms_12.5us,30453877,9f831d347cfa79f55e8e59f2ef2bccafd6e2ccbb68d00db040006162aacf1467,160001,NaN,0,2.87505793540973e-15,1,"PASS"
SST_case02_ramp20ms_25us.mat,SST_case02_ramp20ms_25us,15671493,c67b4118785a366904b5d1fb51eb68d736faec9669497df42850abf77a717c14,80001,NaN,0,1.37141580970103e-15,1,"PASS"
SST_case03_baseline_12.5us.mat,SST_case03_baseline_12.5us,13205851,6008165341c82c60c6c6d702e1128305a33e9d85f14e55cc21ff715accb2a6b5,160001,0.6811125,2,4.15655195216896e-15,1,"PASS"
SST_case03_baseline_25us.mat,SST_case03_baseline_25us,6811787,f333163a837a394fa0a982cc5a17bf40622b64d3ab5b709c960bb36894e2a3b4,80001,0.681125,2,4.15655195241283e-15,1,"PASS"
SST_case03_ramp20ms_12.5us.mat,SST_case03_ramp20ms_12.5us,13569360,c24a7a93dc4b28d813babd8dd7f0d9216fcfc96c8bf12c9d52b26c99013e1d3f,160001,0.6865875,2,3.83156702026978e-15,1,"PASS"
SST_case03_ramp20ms_25us.mat,SST_case03_ramp20ms_25us,7007471,cfcf593388c43f76a570dac5877a25d330d13f23784fe035ddb22081135fe565,80001,0.6866,2,4.64431773748199e-15,1,"PASS"
SST_case04_baseline_12.5us.mat,SST_case04_baseline_12.5us,29625442,ae40e9a84b607f41aa91343e780fb9c29502e216d10bb6756c9785c291d0ab41,160001,NaN,0,2.40645735621221e-15,1,"PASS"
SST_case04_baseline_25us.mat,SST_case04_baseline_25us,15130225,95e98c7b8b5904fd48901451360706484f4cbeb4d3f4d679c8d3b21fbd9977b4,80001,NaN,0,6.86769936638021e-16,1,"PASS"
SST_case04_ramp20ms_12.5us.mat,SST_case04_ramp20ms_12.5us,30710235,dff19ca01a37be65a12505bb9de197fa108d682e99571b2fd088697f818f1599,160001,NaN,0,2.87505604980396e-15,1,"PASS"
SST_case04_ramp20ms_25us.mat,SST_case04_ramp20ms_25us,15694980,4c84bcb565b408bbee58aacb679736ed651c884474a8fb496e4ad47674f8aaba,80001,NaN,0,4.4231631538929e-15,1,"PASS"
SST_case05_baseline_12.5us.mat,SST_case05_baseline_12.5us,14048363,cbfb0784910dedcdae0dbaed47fbec6e24e0ab427184bacb5f56fb13655ae965,160001,0.7513875,2,2.40645735621221e-15,1,"PASS"
SST_case05_baseline_25us.mat,SST_case05_baseline_25us,7222460,fc92b7680bc3ebae70b9cb7fabb27bbf5507d27f739d41516f1b56b23ebd7e23,80001,0.7514,2,6.48259822811855e-16,1,"PASS"
SST_case05_ramp20ms_12.5us.mat,SST_case05_ramp20ms_12.5us,14453767,c4e103bdcd4e8a5137d551762222d359d9e51b7f5fa784fd71860c14de128e94,160001,0.756325,2,2.87505604980396e-15,1,"PASS"
SST_case05_ramp20ms_25us.mat,SST_case05_ramp20ms_25us,7452423,1a5475251454dd8269729cb9a4166ced9e3f63ccb4982836680f7efb62983fdd,80001,0.756325,2,4.4231631538929e-15,1,"PASS"
SST_case06_baseline_12.5us.mat,SST_case06_baseline_12.5us,13679578,685fb04fe9c475415d10b31679faaa9133f752f90b026dd5bbc62c12fe5afb3d,160001,0.704675,4,1.95301023926489e-15,1,"PASS"
SST_case06_baseline_25us.mat,SST_case06_baseline_25us,7037810,bf2e15f24ff2e08e7a7fbb0514c19f7ae8875a6f148b320a74950d1719c21411,80001,0.704675,4,1.57357666817365e-15,1,"PASS"
SST_case06_ramp20ms_12.5us.mat,SST_case06_ramp20ms_12.5us,30812004,5e2f2d15b066751c250dbe712add7ce46cf9dd9d8d5734a110943aa5ff813919,160001,NaN,0,2.37185570338193e-15,1,"PASS"
SST_case06_ramp20ms_25us.mat,SST_case06_ramp20ms_25us,15762692,d07120fd2b4d640bbd0c6ee33df33f0241ecd8c9eb39fb040233bfd00b2bedfa,80001,NaN,0,1.58125930809772e-15,1,"PASS"
SST_case07_baseline_12.5us.mat,SST_case07_baseline_12.5us,13705496,e01a770df811a63fb295ae9df5adbdf9b2999fe988cc8fbbc912ee49740a6a00,160001,0.7061125,4,3.37544271063128e-15,1,"PASS"
SST_case07_baseline_25us.mat,SST_case07_baseline_25us,7044998,afc99253cfff639e86efb21638c2c083d612cb1d4711997f19bce1e83828b85b,80001,0.706125,4,3.37436917021096e-15,1,"PASS"
SST_case07_ramp20ms_12.5us.mat,SST_case07_ramp20ms_12.5us,30816234,525881e95453128169565843d8bbe9604272455ef7c3a061878839c02afacfe6,160001,NaN,0,1.65793305010252e-15,1,"PASS"
SST_case07_ramp20ms_25us.mat,SST_case07_ramp20ms_25us,15763410,2291080215aef9fc28700b93ec7267f95a825807c4b431f4cc0be26411fd4494,80001,NaN,0,3.144017583396e-15,1,"PASS"
SST_case08_baseline_12.5us.mat,SST_case08_baseline_12.5us,29461666,4f2ea42e0ef3ca9b67b2ac3b81c500c542c29e0a74488b82fe15644323e46d7a,160001,NaN,0,2.96601985942457e-15,1,"PASS"
SST_case08_baseline_25us.mat,SST_case08_baseline_25us,15158919,fc4dcbe87642d9971f0ddd1e3178c34406434674ae850de22ed5e2c1a95c481a,80001,NaN,0,3.2091772176872e-15,1,"PASS"
SST_case08_ramp20ms_12.5us.mat,SST_case08_ramp20ms_12.5us,30557833,3f7794342a290edd395b13f519a313bc61ff2f134f6d5567e95180c831fea0ec,160001,NaN,0,2.96601985942457e-15,1,"PASS"
SST_case08_ramp20ms_25us.mat,SST_case08_ramp20ms_25us,15727778,88b29fa39704ac46c69125205cd2d846ce32806854ea63bc962db314185c1a65,80001,NaN,0,3.2091772176872e-15,1,"PASS"
SST_case09_baseline_12.5us.mat,SST_case09_baseline_12.5us,14804634,4fc3f24863241401753c6efee45416c76d3722f2843b0de76b00edeace83fa13,160001,0.8061375,4,3.07901852161932e-15,1,"PASS"
SST_case09_baseline_25us.mat,SST_case09_baseline_25us,7612676,f5cec00d7b40ef6ee62a916c3568068338cc7e15ee283055bb50caae557bc8b4,80001,0.80615,4,1.72941692957576e-15,1,"PASS"
SST_case09_ramp20ms_12.5us.mat,SST_case09_ramp20ms_12.5us,30568199,beffae44fa94d64ef42f5395b0a45746205fea60f9c1f828bca6adf22b3c8361,160001,NaN,0,3.07901852161932e-15,1,"PASS"
SST_case09_ramp20ms_25us.mat,SST_case09_ramp20ms_25us,15715877,5185c2d9efc6e24ec8be8af91152848436bffecd78b47806c3d0fe8c17caf97c,80001,NaN,0,3.09404827290297e-15,1,"PASS"
SST_case10_baseline_12.5us.mat,SST_case10_baseline_12.5us,29474227,2470d6b806102b82d5849ea4744fa63d09f79d6c9065c18811eeed8868d0a0e3,160001,NaN,0,1.45357987832215e-15,1,"PASS"
SST_case10_baseline_25us.mat,SST_case10_baseline_25us,15148125,a48f3708d97ae95e51abcebe63e9d9e7dcb72e4d644d13950a2deb8b6ac80a0c,80001,NaN,0,8.23396441327953e-16,1,"PASS"
SST_case10_ramp20ms_12.5us.mat,SST_case10_ramp20ms_12.5us,30600472,393ba39670ec372104c1570763a520941dcc7eff5ae3715c920b4e1baf90c9ac,160001,NaN,0,1.7692638996094e-15,1,"PASS"
SST_case10_ramp20ms_25us.mat,SST_case10_ramp20ms_25us,15720922,ec9db182dfd361bddfb161954a6fed25a91cfeda0cf9852aa497617d1e332073,80001,NaN,0,4.64431773748199e-15,1,"PASS"
SST_case11_baseline_12.5us.mat,SST_case11_baseline_12.5us,13353216,0d837e513b31bf88b1d57b503eca3bc17e0fe3ab04815b94b6d46b39da1077e8,160001,0.6811125,2,4.15655195216896e-15,1,"PASS"
SST_case11_baseline_25us.mat,SST_case11_baseline_25us,6886843,33c21d712740d0c4adc10d01ba7416e03c83e8117940369a0f3ab8ac6343777a,80001,0.681125,2,4.15655195241283e-15,1,"PASS"
SST_case11_ramp20ms_12.5us.mat,SST_case11_ramp20ms_12.5us,13716293,b19722b0871661da77145c7006947a9af0d4c629e148d6970d272ee20cb3cc5c,160001,0.6865875,2,2.48689957516649e-15,1,"PASS"
SST_case11_ramp20ms_25us.mat,SST_case11_ramp20ms_25us,7082531,ed23000ac0697f81b2d51d92e760194602d06d815e56d9838f1bf1644596faf9,80001,0.6866,2,4.64431773748199e-15,1,"PASS"
SST_minmax_case01_baseline_12.5us.mat,SST_minmax_case01_baseline_12.5us,29499660,2765b922f293660ee0d473eef674491c363a6376bc5ae2a01166c252b724ff9b,160001,NaN,0,2.18768850564747e-15,1,"PASS"
SST_minmax_case01_baseline_25us.mat,SST_minmax_case01_baseline_25us,15081820,63fcce8759a233cb3fae23a7689e4690be3d5e9d5a0105b25e1671535853c21e,80001,NaN,0,9.58150609107186e-16,1,"PASS"
SST_minmax_case01_ramp20ms_12.5us.mat,SST_minmax_case01_ramp20ms_12.5us,30647579,23da1e9bba6a9382f3d2314c8222f22a324f940d1dc0f5b9dfbfd6440d36c582,160001,NaN,0,2.65389789212674e-15,1,"PASS"
SST_minmax_case01_ramp20ms_25us.mat,SST_minmax_case01_ramp20ms_25us,15678490,520c98e38ae918bdc9053d848b670c19a385f18ff22d67a1f45a7377246ba1dd,80001,NaN,0,4.4231631538929e-15,1,"PASS"
SST_minmax_case02_baseline_12.5us.mat,SST_minmax_case02_baseline_12.5us,29318451,63dd4925b6be5b206740d978b63b57c07d1093eda8f99ca47e1d6954f2b6e73f,160001,NaN,0,1.53139674228375e-15,1,"PASS"
SST_minmax_case02_baseline_25us.mat,SST_minmax_case02_baseline_25us,15079205,e0945020937c31a5a3dc7c03989ba234c23258d375b6b0edf421c1fe6329ffd4,80001,NaN,0,1.75016770556688e-15,1,"PASS"
SST_minmax_case02_ramp20ms_12.5us.mat,SST_minmax_case02_ramp20ms_12.5us,30455769,a7754466cebd8aa03b3babe2c981736117c530be30f193205536fdc4e3238a8d,160001,NaN,0,3.31737454085738e-15,1,"PASS"
SST_minmax_case02_ramp20ms_25us.mat,SST_minmax_case02_ramp20ms_25us,15669922,231d65d3c3b48231f4f705e112ed62fea480f5032c4784103729fbf58a20d2c0,80001,NaN,0,1.37141580970103e-15,1,"PASS"
SST_minmax_case03_baseline_12.5us.mat,SST_minmax_case03_baseline_12.5us,13205365,fa0b913a6714a72796ff7004d6c73991b5d4d224b22d35f8e0377b6a80443256,160001,0.6811125,2,3.93778605994954e-15,1,"PASS"
SST_minmax_case03_baseline_25us.mat,SST_minmax_case03_baseline_25us,6811314,80beee8548961980593781305deb29799545f5860852a45649dcec9fd565736c,80001,0.681125,2,4.15655195241283e-15,1,"PASS"
SST_minmax_case03_ramp20ms_12.5us.mat,SST_minmax_case03_ramp20ms_12.5us,13569063,a9946c58df96f2e0e2a0c52f00d2e2f8dffd10f35f803d232c7bf6a18ed98e37,160001,0.6865875,2,3.83156702026978e-15,1,"PASS"
SST_minmax_case03_ramp20ms_25us.mat,SST_minmax_case03_ramp20ms_25us,7006989,5b0c1869c4df6ab447dda8a90a59ae7fa7c9bf3f3261523b9d50b864f9db4b43,80001,0.6866,2,4.64431773748199e-15,1,"PASS"
SST_minmax_case04_baseline_12.5us.mat,SST_minmax_case04_baseline_12.5us,29623302,8492143958e264beafc4d96196e26dacac7e12d8c2abae50ced1d044fecf7e44,160001,NaN,0,2.18768850564747e-15,1,"PASS"
SST_minmax_case04_baseline_25us.mat,SST_minmax_case04_baseline_25us,15130306,692cdfca375cf51ff568fec193a5f3e6e1c1788887df8aa14baa388cd7c197a7,80001,NaN,0,8.24123923965625e-16,1,"PASS"
SST_minmax_case04_ramp20ms_12.5us.mat,SST_minmax_case04_ramp20ms_12.5us,30708229,d58d121062716dc16924bb153d67b41db6b71ecc3ba704e07244223efee45768,160001,NaN,0,2.65389789212674e-15,1,"PASS"
SST_minmax_case04_ramp20ms_25us.mat,SST_minmax_case04_ramp20ms_25us,15693956,24ad9770dfb133321de07729eeeae981067eb1b63c1311a1bdeefec2c457b967,80001,NaN,0,4.4231631538929e-15,1,"PASS"
SST_minmax_case05_baseline_12.5us.mat,SST_minmax_case05_baseline_12.5us,14045258,c6de76601dd0daafa35ff7ea9d2032301a491041c13b501f09d686abc3bd72b7,160001,0.7513875,2,2.18768850564747e-15,1,"PASS"
SST_minmax_case05_baseline_25us.mat,SST_minmax_case05_baseline_25us,7221988,3f96b06358bd8fbab4970e2341a88c71b78b76a6fcd6804b9d904062c051058d,80001,0.7514,2,9.72389734217783e-16,1,"PASS"
SST_minmax_case05_ramp20ms_12.5us.mat,SST_minmax_case05_ramp20ms_12.5us,14453185,e100de7c42d6cd8057091a871f2fb5aa537613fa52a291a2327c02568b9c16c8,160001,0.756325,2,2.65389789212674e-15,1,"PASS"
SST_minmax_case05_ramp20ms_25us.mat,SST_minmax_case05_ramp20ms_25us,7451211,5f658f96f45d0a2ce2b087f724548667be06bb632277e6693783532de9b60e68,80001,0.756325,2,4.4231631538929e-15,1,"PASS"
SST_minmax_case06_baseline_12.5us.mat,SST_minmax_case06_baseline_12.5us,29649301,6cf31371bf64448c117a374f778d77556bcc059556ac5f26381553651844fd0b,160001,NaN,0,2.18768850564747e-15,1,"PASS"
SST_minmax_case06_baseline_25us.mat,SST_minmax_case06_baseline_25us,15157799,783080ac1e8eb9f942b9f39dff07d42324ce07528bfb7dead52305a283e786bc,80001,NaN,0,1.30266168223331e-15,1,"PASS"
SST_minmax_case06_ramp20ms_12.5us.mat,SST_minmax_case06_ramp20ms_12.5us,30795346,14f224e3936f5a44251fa4b99db7c6837c2c757930e77c054c6e6a77b025afec,160001,NaN,0,2.65389789212674e-15,1,"PASS"
SST_minmax_case06_ramp20ms_25us.mat,SST_minmax_case06_ramp20ms_25us,15754058,3bb82067f14cd2fbac71734c4d60ad71cbbf1c4a3886460ebff483b10d3ab046,80001,NaN,0,4.4231631538929e-15,1,"PASS"
SST_minmax_case07_baseline_12.5us.mat,SST_minmax_case07_baseline_12.5us,29647192,c058f26c76cf3b942df22a0c670d9dcb4d835d567f21f05429faedf384a45537,160001,NaN,0,2.18768850564747e-15,1,"PASS"
SST_minmax_case07_baseline_25us.mat,SST_minmax_case07_baseline_25us,15157631,8e4884199a44fad9fb723e34e984ad9d5a3fb50524a286d95009d94ee265013f,80001,NaN,0,5.68434188608078e-16,1,"PASS"
SST_minmax_case07_ramp20ms_12.5us.mat,SST_minmax_case07_ramp20ms_12.5us,30797278,506afd3bb69ab73c1b3f8b2bf2a16d7ae290c3a4886bfb92e865f5373fd691dd,160001,NaN,0,2.65389789212674e-15,1,"PASS"
SST_minmax_case07_ramp20ms_25us.mat,SST_minmax_case07_ramp20ms_25us,15753412,f75ced423e11dea0e0c60270852d2145c75c649fc5687c545d003e9ec9b3d586,80001,NaN,0,4.4231631538929e-15,1,"PASS"
SST_minmax_case08_baseline_12.5us.mat,SST_minmax_case08_baseline_12.5us,29465190,1fe47a6878745dfa8b60464c9d321398ea471d9877aa8b191e0b70b34d13ce50,160001,NaN,0,2.96601985942457e-15,1,"PASS"
SST_minmax_case08_baseline_25us.mat,SST_minmax_case08_baseline_25us,15157417,3257d5d9519b85346d85a9de2b2f565b5dcc7951f86e0730509c7cf9498084a8,80001,NaN,0,3.2091772176872e-15,1,"PASS"
SST_minmax_case08_ramp20ms_12.5us.mat,SST_minmax_case08_ramp20ms_12.5us,30561835,d98767e35fa2b96cfcb600140cbab11c50bdef4ab7704ab70ead2c2d0664cb01,160001,NaN,0,3.31737454085738e-15,1,"PASS"
SST_minmax_case08_ramp20ms_25us.mat,SST_minmax_case08_ramp20ms_25us,15727662,da95ca38eb6aaffaaf82b2a7d707d88a4b8b2e1a6d19b2bd741c81a6c22c0b92,80001,NaN,0,3.2091772176872e-15,1,"PASS"
SST_minmax_case09_baseline_12.5us.mat,SST_minmax_case09_baseline_12.5us,29372125,222e2e7b323f1c3c2b6673fce5e502b400fba27b97303850b348f8daaef13cb9,160001,NaN,0,4.37523841587745e-15,1,"PASS"
SST_minmax_case09_baseline_25us.mat,SST_minmax_case09_baseline_25us,15097312,9802c0e3fe8cdcc5eabc6b3ace648691f046e34e0cd6693a089786808c971737,80001,NaN,0,3.71895266573746e-15,1,"PASS"
SST_minmax_case09_ramp20ms_12.5us.mat,SST_minmax_case09_ramp20ms_12.5us,30561275,9957a9e206409d58fee33319ccbb7c235fab6967e7f44da23a096c7d478000d7,160001,NaN,0,3.31737454085738e-15,1,"PASS"
SST_minmax_case09_ramp20ms_25us.mat,SST_minmax_case09_ramp20ms_25us,15713866,f966ab30d814191c3c2d0d9dd61b197e11a1d409038f17ef9d7a55c1008a836c,80001,NaN,0,1.50319648140239e-15,1,"PASS"
SST_minmax_case10_baseline_12.5us.mat,SST_minmax_case10_baseline_12.5us,29463356,ca7ed687ec22b3370048303633d70af4c76e21215d5c5a664c05cf137a2a777f,160001,NaN,0,3.93778605994954e-15,1,"PASS"
SST_minmax_case10_baseline_25us.mat,SST_minmax_case10_baseline_25us,15141675,5dc1b1695bbc5e578b664c2b3f7be590b43e3c02c82c889ffff063e3d491f277,80001,NaN,0,4.15655195241283e-15,1,"PASS"
SST_minmax_case10_ramp20ms_12.5us.mat,SST_minmax_case10_ramp20ms_12.5us,30598290,d73bb46cf4fc599b8ea34be7c3906662783c793fb87013cdc6a9af751d52b775,160001,NaN,0,1.99042188706058e-15,1,"PASS"
SST_minmax_case10_ramp20ms_25us.mat,SST_minmax_case10_ramp20ms_25us,15722747,d1b8e04c1d5fcab53c048ebd7db16f56a962b3f26fb93b6763c6134a07afc5fa,80001,NaN,0,4.64431773748199e-15,1,"PASS"
SST_minmax_case11_baseline_12.5us.mat,SST_minmax_case11_baseline_12.5us,13352616,7778b3562c06da54808eaff97c001a10990f6f1943b9f249ea0329d3459ef2e4,160001,0.6811125,2,3.93778605994954e-15,1,"PASS"
SST_minmax_case11_baseline_25us.mat,SST_minmax_case11_baseline_25us,6886356,2cb12024e6140124fb4263a80d9df3c027a08a5257253833cc0d4de7967cefea,80001,0.681125,2,4.15655195241283e-15,1,"PASS"
SST_minmax_case11_ramp20ms_12.5us.mat,SST_minmax_case11_ramp20ms_12.5us,13716117,7ba74a47cd3c9ac60d2cce7bf7f09d8dfe81e9101bd3dc99da19ed351bc8b52c,160001,0.6865875,2,2.48689957516649e-15,1,"PASS"
SST_minmax_case11_ramp20ms_25us.mat,SST_minmax_case11_ramp20ms_25us,7082020,e5e713abbb36e8d2c8d8488297fbc9e3751862f251d23f3587a25e60f1e11ae5,80001,0.6866,2,4.64431773748199e-15,1,"PASS"
LFT_matched_case01_baseline_12.5us.mat,,609238,66d7e701c1b77baa357f608a865502af7f59c0637f1055ea513d270d1f476b21,8321,NaN,NaN,NaN,0,"Not a complete full-step record"
LFT_matched_case01_baseline_25us.mat,,389859,0f19935ff5088574735a96cbf30da51aba18d327ef88c933031c54640e279cc0,5121,NaN,NaN,NaN,0,"Not a complete full-step record"
LFT_matched_case01_ramp20ms_12.5us.mat,,734955,c4d9a334ef55154f7de3a2931eaa84132235a75a9a47e6f31654468f4b909bb4,8321,NaN,NaN,NaN,0,"Not a complete full-step record"
LFT_matched_case01_ramp20ms_25us.mat,,464146,aaeb22538ac1633ec8a355dc79f663d593400760f2a25e9fa94b95406c34a3ba,5121,NaN,NaN,NaN,0,"Not a complete full-step record"
LFT_matched_case02_baseline_12.5us.mat,,672870,3bda81c2ad6cdcfe55125e1127287a2aa24f54822be9e77c77cffe6f967cc839,8321,NaN,NaN,NaN,0,"Not a complete full-step record"
LFT_matched_case02_baseline_25us.mat,,424979,29a535629a49080ae4c45a74dee8e56a5e90f76c243bb1cd1cb1d7825c9e77f3,5121,NaN,NaN,NaN,0,"Not a complete full-step record"
LFT_matched_case02_ramp20ms_12.5us.mat,,764855,6ee7428fdaa0c6e1ba264bec6152f167fc26059c96f7b6b4de85bcb6d55d623a,8321,NaN,NaN,NaN,0,"Not a complete full-step record"
LFT_matched_case02_ramp20ms_25us.mat,,478509,91350409055825a8dac8f22ef546c2321bffb09bc37b8d5a614d6a95cf263c35,5121,NaN,NaN,NaN,0,"Not a complete full-step record"
LFT_matched_case03_baseline_12.5us.mat,,372103,3de06517b7a0961bc51541a6f649534417c4bb4118a01d624b1fadf435137880,8321,NaN,NaN,NaN,0,"Not a complete full-step record"
LFT_matched_case03_baseline_25us.mat,,237017,70ffd9035a420194aa0650567dfcf2cfdb5b27f2e57fc3151bae853bc06adae6,5121,NaN,NaN,NaN,0,"Not a complete full-step record"
LFT_matched_case03_ramp20ms_12.5us.mat,,396436,2975aac178bf974d2d9de0c2aa87b06327a1ed9aee1cec0b56271190e3c23791,8321,NaN,NaN,NaN,0,"Not a complete full-step record"
LFT_matched_case03_ramp20ms_25us.mat,,252731,272ea592d4e312aab8a405bc5331c10aa292e1c38f9ae6b40cb73530d35e0ca8,5121,NaN,NaN,NaN,0,"Not a complete full-step record"
LFT_matched_case04_baseline_12.5us.mat,,659516,b7266916a95a21c2898ac86ecbebd7b56f87ceed762aca76860caeb4b812b2af,8321,NaN,NaN,NaN,0,"Not a complete full-step record"
LFT_matched_case04_baseline_25us.mat,,416856,01cde2e09839b24a8e852e173e6eb3d3c82a11e742ba7b4cdeffce4327f51418,5121,NaN,NaN,NaN,0,"Not a complete full-step record"
LFT_matched_case04_ramp20ms_12.5us.mat,,744420,2a8c7332ee1201a6f5873f541d017f54056d339f9c5f47c085ef8c503e11809e,8321,NaN,NaN,NaN,0,"Not a complete full-step record"
LFT_matched_case04_ramp20ms_25us.mat,,468159,f48c57fbe298ad049f32b7aa98c56c7c1dd8cff6bb4dbf57665f892ed4057a9d,5121,NaN,NaN,NaN,0,"Not a complete full-step record"
LFT_matched_case05_baseline_12.5us.mat,,367009,ce7a06969b90cdc59ec929d408e91bbda254225ced11b4ac3ee4ee162c3ab77e,8323,NaN,NaN,NaN,0,"Not a complete full-step record"
LFT_matched_case05_baseline_25us.mat,,235436,3891fe5dd5196a0532d3b1e67fa24a6d0d9b4fb9a87716ee827ff07909b584b6,5123,NaN,NaN,NaN,0,"Not a complete full-step record"
LFT_matched_case05_ramp20ms_12.5us.mat,,372560,757dc42daaf7d564a6cf7ba285e175b724c2cdf63bef9c20193a08b9abed3f82,8323,NaN,NaN,NaN,0,"Not a complete full-step record"
LFT_matched_case05_ramp20ms_25us.mat,,241744,efc8579447e9f89bd8c1be9f16c1f9d70b6efadc651fcf010bea44b0d1c23d64,5123,NaN,NaN,NaN,0,"Not a complete full-step record"
LFT_matched_case06_baseline_12.5us.mat,,645856,a5552f45c3622923ae7802b8b599be496aec29a52fb2006a66352807ff1d190a,8321,NaN,NaN,NaN,0,"Not a complete full-step record"
LFT_matched_case06_baseline_25us.mat,,409043,23f993f8612c4d3370627476bd52ba0d0532308adca24ad30346c633ed677246,5121,NaN,NaN,NaN,0,"Not a complete full-step record"
LFT_matched_case06_ramp20ms_12.5us.mat,,771377,6ba63ad33e473e409e8d2bb26dcd72eb65409810a7bf42480010bbff323893f1,8321,NaN,NaN,NaN,0,"Not a complete full-step record"
LFT_matched_case06_ramp20ms_25us.mat,,483463,26cce07ff66d073ce0d7d238945e7920bf3d7598e1f898ba7557edf7dd56d903,5121,NaN,NaN,NaN,0,"Not a complete full-step record"
LFT_matched_case07_baseline_12.5us.mat,,644754,d5d65d2e911ef7228d06dd1f2fc0f1fd27a9ffae77d12be5b5491af0f1d5edc5,8321,NaN,NaN,NaN,0,"Not a complete full-step record"
LFT_matched_case07_baseline_25us.mat,,408989,b199d44feaa2dbd3ea87fed31d1b44b4d2d4ee486df4d6d67c0b6fcad54a6c64,5121,NaN,NaN,NaN,0,"Not a complete full-step record"
LFT_matched_case07_ramp20ms_12.5us.mat,,771586,5763fda7a0a4a921a96249ea5a0e29720de966e709d256c6f507ac14bc4ee03e,8321,NaN,NaN,NaN,0,"Not a complete full-step record"
LFT_matched_case07_ramp20ms_25us.mat,,483589,fe205c11b3f3758c503754e86934d1f359d1b73e7e64a8d743b348bff15b706b,5121,NaN,NaN,NaN,0,"Not a complete full-step record"
LFT_matched_case08_baseline_12.5us.mat,,713550,421ca565c53b7443836366db65628addf7de8463f5749e6b3459e9b359889a13,8321,NaN,NaN,NaN,0,"Not a complete full-step record"
LFT_matched_case08_baseline_25us.mat,,444787,a2efb61715aa59a5e68c42cc04cd8398abbc4aaee2b4e43762c1920f851062ae,5121,NaN,NaN,NaN,0,"Not a complete full-step record"
LFT_matched_case08_ramp20ms_12.5us.mat,,805863,0b2a5140cacfd41bf3b6629227d2bf69a8b165d84131967e25173bd33ad22caa,8321,NaN,NaN,NaN,0,"Not a complete full-step record"
LFT_matched_case08_ramp20ms_25us.mat,,499386,3dc5ea186137b19877f3871ad084419653b9247702c65cfaa9fd7f315d5b0e61,5121,NaN,NaN,NaN,0,"Not a complete full-step record"
LFT_matched_case09_baseline_12.5us.mat,,655817,8b9ccd4a7a0266cc43f814d3a8e39d88697dd9f1e1c9b31a230374445b0873dd,8321,NaN,NaN,NaN,0,"Not a complete full-step record"
LFT_matched_case09_baseline_25us.mat,,413448,b2dd886c110ca0dc0b36854bf57c6c91ec3574e14c55ed3811c07418d9edd878,5121,NaN,NaN,NaN,0,"Not a complete full-step record"
LFT_matched_case09_ramp20ms_12.5us.mat,,773000,e0adf2729c42994ff5f5ad68d1af925010d936270b5afc341decf79b78624b55,8321,NaN,NaN,NaN,0,"Not a complete full-step record"
LFT_matched_case09_ramp20ms_25us.mat,,482373,5f4bf52726f810d5768348eb4665dcc770d25b13752c231d947dd78635864c83,5121,NaN,NaN,NaN,0,"Not a complete full-step record"
LFT_matched_case10_baseline_12.5us.mat,,647591,727e85e2b6774bccee20ac3c945453c3b20d3e189e0ba437eb33497013a34077,8321,NaN,NaN,NaN,0,"Not a complete full-step record"
LFT_matched_case10_baseline_25us.mat,,410175,de1b829ff191a25baac0176b4561975b6b4001afeea908f60e829b815f542049,5121,NaN,NaN,NaN,0,"Not a complete full-step record"
LFT_matched_case10_ramp20ms_12.5us.mat,,776105,76b91fd1cb57f0a0a46f5f00a7f139735f5055f712d89b5d1b350de87c46431a,8321,NaN,NaN,NaN,0,"Not a complete full-step record"
LFT_matched_case10_ramp20ms_25us.mat,,485180,1f10025051bb4d1681a9d0396f2f4fd94079c2a6db2771ecd0e490b6672bc2bd,5121,NaN,NaN,NaN,0,"Not a complete full-step record"
LFT_matched_case11_baseline_12.5us.mat,,394985,038aed3fe92e7d40d04889b31fa15fa2b99eff08e6a4d75cabbf6850acfe2097,8323,NaN,NaN,NaN,0,"Not a complete full-step record"
LFT_matched_case11_baseline_25us.mat,,249768,bda25498a01ae7c44e2230cd26eccea79e780cde20711112db9e5b7005e8991f,5122,NaN,NaN,NaN,0,"Not a complete full-step record"
LFT_matched_case11_ramp20ms_12.5us.mat,,399522,b9262361d1e4fea829ed5fbccb8f2cc25b8fb097928f85abb5fb77de958ec00b,8323,NaN,NaN,NaN,0,"Not a complete full-step record"
LFT_matched_case11_ramp20ms_25us.mat,,254874,32a652d016a4af5fbce4ddcae1c2866c9c5d3a16447223023d01f50688d681df,5123,NaN,NaN,NaN,0,"Not a complete full-step record"
SST_case01_baseline_12.5us.mat,,758626,71ef08e6d1fae8ef2ad966375edd28ab687d0527e11d9eaf40527271acf4bf34,8321,NaN,NaN,NaN,0,"Not a complete full-step record"
SST_case01_baseline_25us.mat,,478560,332c3969ebae8ee8720989898a275de8706077967c468cc06eaaf5f3134c46e8,5121,NaN,NaN,NaN,0,"Not a complete full-step record"
SST_case01_ramp20ms_12.5us.mat,,1730194,9a5a63f20cf6a5e4434e60217bcad7191cc14d1018038c7b76184cfb664fa365,8321,NaN,NaN,NaN,0,"Not a complete full-step record"
SST_case01_ramp20ms_25us.mat,,1086628,92b0c719ffae68710ec43c0ceae85564759753d42f54e868f6dbbad0b9163224,5121,NaN,NaN,NaN,0,"Not a complete full-step record"
SST_case02_baseline_12.5us.mat,,1659479,4011942faf1ef3416a6d05c0cc608f4c151153c64280800aee940cbf1692f1e2,8321,NaN,NaN,NaN,0,"Not a complete full-step record"
SST_case02_baseline_25us.mat,,1041395,fcdb0bdf8e081b686fc6e0316c1507cd121a3d9570c792100c6808d6815962a1,5121,NaN,NaN,NaN,0,"Not a complete full-step record"
SST_case02_ramp20ms_12.5us.mat,,1751532,7e5cda30ccb0506b6c4331a93e942c59d55cb8e5360de2bf8aab614cc6eb3e1a,8321,NaN,NaN,NaN,0,"Not a complete full-step record"
SST_case02_ramp20ms_25us.mat,,1095217,339b6998c1e937e94cf81d4ea72ad7b79eca87c11a34f33de7db8a56df00bfe0,5121,NaN,NaN,NaN,0,"Not a complete full-step record"
SST_case03_baseline_12.5us.mat,,469674,9f53290497508be6bed12c9328ee596fd5506e354e81a551cdc1b508f59db033,8321,NaN,NaN,NaN,0,"Not a complete full-step record"
SST_case03_baseline_25us.mat,,328323,24b3e9bd44d636012839a5c5764cff544ad3ecc76eaf4d957203104178a3f325,5121,NaN,NaN,NaN,0,"Not a complete full-step record"
SST_case03_ramp20ms_12.5us.mat,,541152,d1cd9d6df4c16f7b0c7a64553afa9a92826f7a92b04c137ab9fb9ae05a399ebc,8321,NaN,NaN,NaN,0,"Not a complete full-step record"
SST_case03_ramp20ms_25us.mat,,367647,7ac83684180c9156659dd9510c42e58bf03c79c1409f1cc7a0396c27aab696d0,5121,NaN,NaN,NaN,0,"Not a complete full-step record"
SST_case04_baseline_12.5us.mat,,1653430,3e751bccf9dde53e5ce0798ca823d209d4203ac87f42c460d1498dc9c37823cf,8321,NaN,NaN,NaN,0,"Not a complete full-step record"
SST_case04_baseline_25us.mat,,1040221,5b202e875d5a3f0f5a665e447854728941600cdf2cd95cfe397b3a7ef7568f39,5121,NaN,NaN,NaN,0,"Not a complete full-step record"
SST_case04_ramp20ms_12.5us.mat,,1736345,db59bd305386b6e37e2c5f2faeae739fc28a3e0badaca99d10fc8ba4275e8ed7,8321,NaN,NaN,NaN,0,"Not a complete full-step record"
SST_case04_ramp20ms_25us.mat,,1090578,127365ae77810e8c009bdab160693d3114cc17d9653461ac3bc03e27a5d92806,5121,NaN,NaN,NaN,0,"Not a complete full-step record"
SST_case05_baseline_12.5us.mat,,469777,24f5d4df0bb36c64c47739d1bc71c2c4a63d7d03ad787cf107f16b275fb12aa8,8323,NaN,NaN,NaN,0,"Not a complete full-step record"
SST_case05_baseline_25us.mat,,334316,2bd71d44890523c58237bcb0472d9f8ae0219708d37dd79adeb662a16d7deabb,5123,NaN,NaN,NaN,0,"Not a complete full-step record"
SST_case05_ramp20ms_12.5us.mat,,475256,878133055c6b363c918db4f81f315ef402997835bf0f2c44df3efa778f22bf40,8323,NaN,NaN,NaN,0,"Not a complete full-step record"
SST_case05_ramp20ms_25us.mat,,340868,b33000deeb7c16957187cd9a277eccd91faeab509c8bcb17db2996edcc873e11,5123,NaN,NaN,NaN,0,"Not a complete full-step record"
SST_case06_baseline_12.5us.mat,,768843,652749648535121c919dfa6143bcd1bc1bbbcbb8d8653cd532af2fd2d1993e46,8321,NaN,NaN,NaN,0,"Not a complete full-step record"
SST_case06_baseline_25us.mat,,484801,d500cc91a995d66d058c235f07861c1d24266ee7d4e6dee3c9d8ea743c188233,5121,NaN,NaN,NaN,0,"Not a complete full-step record"
SST_case06_ramp20ms_12.5us.mat,,1766848,19491a740e75e0210344e23dc5fe7be61d8a2fa4f9eb1df549739a490bbb0484,8321,NaN,NaN,NaN,0,"Not a complete full-step record"
SST_case06_ramp20ms_25us.mat,,1106000,bc3b6c4a5770b0936c215c9cf7639c4f1ffddc2a8d60c89835a8f1ffbfc14341,5121,NaN,NaN,NaN,0,"Not a complete full-step record"
SST_case07_baseline_12.5us.mat,,786496,5b8c7868a5ef5121bb00afe612659ad80d60117d11fcc9c5b24252c1ee50bf06,8321,NaN,NaN,NaN,0,"Not a complete full-step record"
SST_case07_baseline_25us.mat,,493747,d5ef4657b34f5b64fc8640d55ee2eb87a88c501aaaee84d1e3fae68ccbaac388,5121,NaN,NaN,NaN,0,"Not a complete full-step record"
SST_case07_ramp20ms_12.5us.mat,,1767179,5819c1e31a3a56f4b731f45dea7cd625aab5b38f991d7dc067f7ba0095640507,8321,NaN,NaN,NaN,0,"Not a complete full-step record"
SST_case07_ramp20ms_25us.mat,,1106070,5b921fc57a2192a2c41f85344c5b5e64533e603c0d63f75e20450f5701a462ca,5121,NaN,NaN,NaN,0,"Not a complete full-step record"
SST_case08_baseline_12.5us.mat,,1705722,edadc8e476693a37cacba2ef485a65793e4fd78b7db0457550870ca928c73c31,8321,NaN,NaN,NaN,0,"Not a complete full-step record"
SST_case08_baseline_25us.mat,,1062506,1f75d09d39f410636f8bd4c2b6d4d1414dadbcd3657bc4165358a1a046083052,5121,NaN,NaN,NaN,0,"Not a complete full-step record"
SST_case08_ramp20ms_12.5us.mat,,1798846,46c7d130f1cd42c4ba3bccabc9d9225fc27fbbd7152cf60ce5bc2ce3431b6eea,8321,NaN,NaN,NaN,0,"Not a complete full-step record"
SST_case08_ramp20ms_25us.mat,,1116975,8e7ebd1a9fd1c54aa2b7447ee477368570d8d0888d0e2eae5ad866d04d3604a1,5121,NaN,NaN,NaN,0,"Not a complete full-step record"
SST_case09_baseline_12.5us.mat,,801347,166052f8bcb3b7f546ce31b346c3e88907464116c0c3a8a45bc9a746c3541f00,8321,NaN,NaN,NaN,0,"Not a complete full-step record"
SST_case09_baseline_25us.mat,,505830,0564361d3e62cb69e3bcb5a0ef72ce4bbd2dfdf01fcbdc7528729668d9544454,5121,NaN,NaN,NaN,0,"Not a complete full-step record"
SST_case09_ramp20ms_12.5us.mat,,1762072,d5d15e6d043d448c5fa74c611f61bea767f35852d84a00feb742302f932a11b0,8321,NaN,NaN,NaN,0,"Not a complete full-step record"
SST_case09_ramp20ms_25us.mat,,1099145,1f177326bcc435c2b22087001b47b9b0b49e0ddfb1636f29226d5dbb035c7420,5121,NaN,NaN,NaN,0,"Not a complete full-step record"
SST_case10_baseline_12.5us.mat,,1657759,bec8a3cc0fb337e9e4bf8ab2c7d76ea6aee00ae11bf01aa4849b036c5c8b68ca,8321,NaN,NaN,NaN,0,"Not a complete full-step record"
SST_case10_baseline_25us.mat,,1041948,3262f96611d0cb70b42591fdf35eef9ad07b211eb0be4939d8893b155ee898ee,5121,NaN,NaN,NaN,0,"Not a complete full-step record"
SST_case10_ramp20ms_12.5us.mat,,1777585,c04b52ea205c227669d2e792fc1cae23e8b430b40a099f6d36aaaa995ebd504b,8321,NaN,NaN,NaN,0,"Not a complete full-step record"
SST_case10_ramp20ms_25us.mat,,1110583,80dea50c9cd067a70c0eeec808ef340c543ee7f743b871c556f5bf23abd0bf34,5121,NaN,NaN,NaN,0,"Not a complete full-step record"
SST_case11_baseline_12.5us.mat,,488952,192af6849eda858e7551372ea61cbbe32cf2c40173e6406d88ce48a9a8989d26,8323,NaN,NaN,NaN,0,"Not a complete full-step record"
SST_case11_baseline_25us.mat,,340290,661338be17423dfd479635b4e5b89528d3ad0b76c4b50cac12cc91ffd3888383,5123,NaN,NaN,NaN,0,"Not a complete full-step record"
SST_case11_ramp20ms_12.5us.mat,,494408,400cf68f0dab55b1f532e5e9240ad08ee33ec94a4c010acf236cbe1efdc62cc3,8323,NaN,NaN,NaN,0,"Not a complete full-step record"
SST_case11_ramp20ms_25us.mat,,346054,b721580023400ee5bade0022f1334efb7f82740535ed07b7b4de23fea3cd1fa0,5123,NaN,NaN,NaN,0,"Not a complete full-step record"
SST_minmax_case01_baseline_12.5us.mat,,1596248,2666ae3ea55cbadcd51c637e3d383bdf78a3b84d0e1f5a84f84144beca0e8ccf,8321,NaN,NaN,NaN,0,"Not a complete full-step record"
SST_minmax_case01_baseline_25us.mat,,1010719,41dde861fc99074c934da7d2a87f28423bdf6b86ff869c71aeebb95201c02201,5121,NaN,NaN,NaN,0,"Not a complete full-step record"
SST_minmax_case01_ramp20ms_12.5us.mat,,1720076,0363d9ad4e91144bdcc8e6be203aacce57e1d59699bea612a9c6e2008f9c61f6,8321,NaN,NaN,NaN,0,"Not a complete full-step record"
SST_minmax_case01_ramp20ms_25us.mat,,1083721,81be3cc2b317db862cd7af12f70373cd589d2f145c819ad2a5a9bd9821d733d4,5121,NaN,NaN,NaN,0,"Not a complete full-step record"
SST_minmax_case02_baseline_12.5us.mat,,1659596,fe67d2ba3b17d3043ecbe8e55b8eb58a24f6617cfa6ffec4cb8801f6358edbc4,8321,NaN,NaN,NaN,0,"Not a complete full-step record"
SST_minmax_case02_baseline_25us.mat,,1041357,eb6b04172979a8a4bd27c9a2cf907ece32d3c80cec686a1ddc27fdcc41a05dbd,5121,NaN,NaN,NaN,0,"Not a complete full-step record"
SST_minmax_case02_ramp20ms_12.5us.mat,,1751624,ebbc782a792ec74a096851932235b604365cc51b449fb3adfb492ac6dda7c7b9,8321,NaN,NaN,NaN,0,"Not a complete full-step record"
SST_minmax_case02_ramp20ms_25us.mat,,1094770,5b9efa73decb94dec947d6b2f09b41407e5b182897882be03a31c439c99bbd39,5121,NaN,NaN,NaN,0,"Not a complete full-step record"
SST_minmax_case03_baseline_12.5us.mat,,469703,53872de8d10b35d31cfd3a8ead88956a10a96e2f6e1626b884eb33c1623fdeb2,8321,NaN,NaN,NaN,0,"Not a complete full-step record"
SST_minmax_case03_baseline_25us.mat,,328293,6c8507e23300cf5c856c8263787ed0f4f0f05189ab2fcccec5b4b1c2f5863914,5121,NaN,NaN,NaN,0,"Not a complete full-step record"
SST_minmax_case03_ramp20ms_12.5us.mat,,541023,3b6811be8cc4cd6dc8320164edb226d9046e3ba1f8cfb9331ecf1d350bf39460,8321,NaN,NaN,NaN,0,"Not a complete full-step record"
SST_minmax_case03_ramp20ms_25us.mat,,367503,19b6dacb07ebaa11764976b21b7390f06d122b74a702a635093c99968be77f53,5121,NaN,NaN,NaN,0,"Not a complete full-step record"
SST_minmax_case04_baseline_12.5us.mat,,1653384,112cf02e6b6132dd01e2b001df4eb379200938c32773732ae752aa14f9f261af,8321,NaN,NaN,NaN,0,"Not a complete full-step record"
SST_minmax_case04_baseline_25us.mat,,1039932,7ff833ac778720754c41e5fa21c4314d38b2a62442ffded2b02dd3d8142eed6e,5121,NaN,NaN,NaN,0,"Not a complete full-step record"
SST_minmax_case04_ramp20ms_12.5us.mat,,1736662,0d2aef6ef1ad4a935814b101de46c861b08c1e066899d3f491e0126063dcd4e4,8321,NaN,NaN,NaN,0,"Not a complete full-step record"
SST_minmax_case04_ramp20ms_25us.mat,,1090417,081a6a524b1fbfd2b47c5ac746f789b0594ef8db3607e967f79b63b5fc99acdd,5121,NaN,NaN,NaN,0,"Not a complete full-step record"
SST_minmax_case05_baseline_12.5us.mat,,469509,6ad61324f7becdc2e55a2437a5e46a0fb26b4189d576481faa867c391c97cde8,8323,NaN,NaN,NaN,0,"Not a complete full-step record"
SST_minmax_case05_baseline_25us.mat,,334190,ab7d6e93367e717e3f92c96d36c99550add9ccad7b88bedea65e0bd5f27ce820,5123,NaN,NaN,NaN,0,"Not a complete full-step record"
SST_minmax_case05_ramp20ms_12.5us.mat,,475258,bc32991c474cbef3bce880a28c565836ab8057dc101a5850bbcd871386cfa96b,8323,NaN,NaN,NaN,0,"Not a complete full-step record"
SST_minmax_case05_ramp20ms_25us.mat,,340774,0325442d0b4bfdc0a37897fcd65eff173cf00b0d4245981e3cc88843ef752675,5123,NaN,NaN,NaN,0,"Not a complete full-step record"
SST_minmax_case06_baseline_12.5us.mat,,1633074,7889d5f1b65cf97bdcdc8f5357e2b6a3294fcf06407afdd150ce6ed7f43e5157,8321,NaN,NaN,NaN,0,"Not a complete full-step record"
SST_minmax_case06_baseline_25us.mat,,1030022,105fd28831a77e338148c79860812d4c669a48da4e60ee39c2bc85ea4a763e95,5121,NaN,NaN,NaN,0,"Not a complete full-step record"
SST_minmax_case06_ramp20ms_12.5us.mat,,1756697,f756bdaf3cf8474846fe3ae5924c1e9b2f769fbcebab68acaa90d6ff3167d756,8321,NaN,NaN,NaN,0,"Not a complete full-step record"
SST_minmax_case06_ramp20ms_25us.mat,,1103219,1eb0052288eb0f9a240b7916d1c73f2f213258c2984d9545b2996d9da128d05f,5121,NaN,NaN,NaN,0,"Not a complete full-step record"
SST_minmax_case07_baseline_12.5us.mat,,1631675,7dffc633257fd6e03455b1ec7b44e8b51799c8260881f03736bc7c680c79d9f2,8321,NaN,NaN,NaN,0,"Not a complete full-step record"
SST_minmax_case07_baseline_25us.mat,,1029758,6eada0a28d24eb5426ae204f19baefa780ceac6c87eb4cec3bc5a5cc1f7e896b,5121,NaN,NaN,NaN,0,"Not a complete full-step record"
SST_minmax_case07_ramp20ms_12.5us.mat,,1756945,1149959250686b79953e5a263abf5166bede519576dc6c3bfd709261fb50e39e,8321,NaN,NaN,NaN,0,"Not a complete full-step record"
SST_minmax_case07_ramp20ms_25us.mat,,1103177,f7a497fb16e72d55315be2c096a00c5f5bc66792ff76657eafd87db05d3220b2,5121,NaN,NaN,NaN,0,"Not a complete full-step record"
SST_minmax_case08_baseline_12.5us.mat,,1705792,fcb92449b1e973fc7db82d2036ecb033808e549e31d7a7ef0a08fe98dd58a1e5,8321,NaN,NaN,NaN,0,"Not a complete full-step record"
SST_minmax_case08_baseline_25us.mat,,1062246,e4bfd4a88ac9ac49b12e0e35f5cdd1c20328e5890db9beb442835ea5ca5cc8d0,5121,NaN,NaN,NaN,0,"Not a complete full-step record"
SST_minmax_case08_ramp20ms_12.5us.mat,,1798921,49d757e5677ac86aad68c21d7b6b550fc66fef427a122f2a1fa679dbdcac532f,8321,NaN,NaN,NaN,0,"Not a complete full-step record"
SST_minmax_case08_ramp20ms_25us.mat,,1116884,8711407309e1bea19984e4cc0f3f3c84ffbfd10281e0d8fe7fc3de7391e9f6a8,5121,NaN,NaN,NaN,0,"Not a complete full-step record"
SST_minmax_case09_baseline_12.5us.mat,,1635836,0adac10eeb4433a4a300f146281094d3fdd5798dd96c2b15376e179fd5317ad8,8321,NaN,NaN,NaN,0,"Not a complete full-step record"
SST_minmax_case09_baseline_25us.mat,,1028420,c099cd1587b6c1ee511b5a5dd5badd7c53102c4df0b7b918f4e57536438c5978,5121,NaN,NaN,NaN,0,"Not a complete full-step record"
SST_minmax_case09_ramp20ms_12.5us.mat,,1751674,b6429ef084dca7e819ca4eb1eb0eeabd46fd21ba43af83b7a0486b31f3530bcf,8321,NaN,NaN,NaN,0,"Not a complete full-step record"
SST_minmax_case09_ramp20ms_25us.mat,,1096182,106d0183988a650b1ea7133618f9ac20fa6e25ec10035d5f8903a85a5f6ccff3,5121,NaN,NaN,NaN,0,"Not a complete full-step record"
SST_minmax_case10_baseline_12.5us.mat,,1647570,6e3f49d201277610ba510cc06fdbc312a550d0beee13f146be2fbfc5834680e4,8321,NaN,NaN,NaN,0,"Not a complete full-step record"
SST_minmax_case10_baseline_25us.mat,,1036204,028a82b81ed929b24855024c6e566f09698593e81f1a245193427a61dfe405fe,5121,NaN,NaN,NaN,0,"Not a complete full-step record"
SST_minmax_case10_ramp20ms_12.5us.mat,,1775275,d4cba691d2ff38fc272956bfa123a5f8af3a406abad90283158c3fc6818e8788,8321,NaN,NaN,NaN,0,"Not a complete full-step record"
SST_minmax_case10_ramp20ms_25us.mat,,1110463,f29f617cf2e94ee79bb3c18a746cb75cfae941f4c12051660f3bbcf8d2816ce3,5121,NaN,NaN,NaN,0,"Not a complete full-step record"
SST_minmax_case11_baseline_12.5us.mat,,488969,f065d4e844d6b917c81f17ee9403ea388088111e70199237a7f353c9e027defb,8323,NaN,NaN,NaN,0,"Not a complete full-step record"
SST_minmax_case11_baseline_25us.mat,,340237,71f6a60ffdae07733a848187a434c1bdb9a067fb562aac79375716d38563cddc,5123,NaN,NaN,NaN,0,"Not a complete full-step record"
SST_minmax_case11_ramp20ms_12.5us.mat,,494313,2b85addfae5b020bf2ad012749ff9f8c089415ba48983b63d0e5a5ac5a1a56af,8323,NaN,NaN,NaN,0,"Not a complete full-step record"
SST_minmax_case11_ramp20ms_25us.mat,,346058,11179e91ada8104458a870e98a24729d3ee00b621c87a6ca58d1ee8379f47cef,5123,NaN,NaN,NaN,0,"Not a complete full-step record"
summary.mat,,5654,cde65d0f17886a5c6e6e6922332bcfca69860f4e8b03942689457b56524b3670,0,NaN,NaN,NaN,0,"Unrecognized field name ""cfg""."
