architecture,scenario,variant,step_s,trip_time_s,min_LV_V,unmet_J,energy_residual_J,max_PLL_error_deg,max_current_rating_ratio,modulation_saturation_fraction,DAB_saturation_fraction,final_LV_V,final_mean_MV_V,trip_cause_mask,base_load_W,sag_duration_s,restoration_phase_deg,sag_reactive_tracking_error_As
SST,case01,baseline,2.5e-05,0.706775,797.813545094214,78457.9999999939,0.000180667840837145,3.58257679320051e-10,1.24982945000135,0.00124998437519531,0,800.000000093678,2892.68765851488,4,60000,0.3,0,0.0329611994728609
SST,case01,baseline,1.25e-05,0.706775,797.813544306044,78458.0000000007,4.48124478893419e-05,6.12294942837905e-10,1.25173018853684,0.00124999218754883,0,800.000000093642,2892.70009525421,4,60000,0.3,0,0.03289138173689
SST,case02,baseline,2.5e-05,NaN,797.813545094211,0,3.03063501405632e-07,3.58257679320051e-10,1.01496378532758,0,0,800.000000000002,3317.33856577331,0,40000,0.3,0,0.0329611994743384
SST,case02,baseline,1.25e-05,NaN,797.813544306041,0,2.55074681376755e-08,6.12294942837905e-10,1.01496378538542,0,0,800.000000000003,3317.33856577354,0,40000,0.3,0,0.0328913817370024
SST,case03,baseline,2.5e-05,0.681125,797.813545094215,106887.500000013,7.48312842304699e-05,3.58257679320051e-10,1.01498731204998,0,0,800.000000462393,2806.13269066312,2,80000,0.3,0,0.150814631139668
SST,case03,baseline,1.25e-05,0.6811125,797.813544306045,106888.750000002,1.85785988762177e-05,6.12294942837905e-10,1.01498731210953,0,0,800.000000462569,2806.14510542333,2,80000,0.3,0,0.150851009453379
SST,case04,baseline,2.5e-05,NaN,797.813545094214,0,7.04101769102294e-05,3.58257679320051e-10,1.01497358668286,0,0,800.000000000001,3310.76920105597,0,60000,0.2,0,0.0315338098990372
SST,case04,baseline,1.25e-05,NaN,797.813544306044,0,1.70249684146029e-05,6.12294942837905e-10,1.01497358674157,0,0,800,3310.76899443133,0,60000,0.2,0,0.0314637970333903
SST,case05,baseline,2.5e-05,0.7514,797.813545094214,76887.999999994,7.47778848833036e-05,3.58257679320051e-10,1.01497358668286,0,0,800.000000005825,2805.95733305808,2,60000,0.4,0,0.300337402685889
SST,case05,baseline,1.25e-05,0.7513875,797.813544306044,76889.0000000007,1.85419278864174e-05,6.12294942837905e-10,1.01497358674157,0,0,800.000000005829,2805.96727169807,2,60000,0.4,0,0.300341003772642
SST,case06,baseline,2.5e-05,0.704675,797.813545094214,78625.9999999939,1.36167508770768e-05,14.9999999999256,1.25021041045856,0.00111248609392383,0,800.000000106705,2889.89637482526,4,60000,0.3,-15,0.0329611994728609
SST,case06,baseline,1.25e-05,0.704675,797.813544306044,78626.0000000007,3.35035157661423e-06,14.9999999999614,1.25062869874901,0.00112499296879395,0,800.000000106692,2889.90043780487,4,60000,0.3,-15,0.03289138173689
SST,case07,baseline,2.5e-05,0.706125,797.813545094214,78509.9999999939,0.000183774863295127,15.0000000000754,1.25026257672685,0.00117498531268359,0,800.000000097546,2890.26631691191,4,60000,0.3,15,0.0329611994728609
SST,case07,baseline,1.25e-05,0.7061125,797.813544306044,78511.0000000007,5.04762012099036e-06,15.0000000000396,1.24986493780147,0.00118124261723364,0,800.000000097562,2890.26230551857,4,60000,0.3,15,0.03289138173689
SST,case08,baseline,2.5e-05,NaN,797.813545094211,0,5.37584588045092e-05,14.9451499279843,1.01496378532758,0,0,800.000000000007,3308.05360726647,0,40000,0.2,-15,0.0315338099004493
SST,case08,baseline,1.25e-05,NaN,797.813544306041,0,1.30040315013957e-05,14.9725636003064,1.01496378538542,0,0,799.999999999999,3308.05345683842,0,40000,0.2,-15,0.0314637970334967
SST,case09,baseline,2.5e-05,0.80615,797.813545094211,48631.0000000034,0.000177059366443189,15.0000000000754,1.25003360271621,0.00118748515643554,0,800.000000000196,2892.43199497196,4,40000,0.4,15,0.0334533311961508
SST,case09,baseline,1.25e-05,0.8061375,797.813544306041,48631.7500000011,4.88114348229374e-06,15.0000000000379,1.24964922222034,0.00118749257817139,0,800.000000000194,2892.42726820834,4,40000,0.4,15,0.0333834807942418
SST,case10,baseline,2.5e-05,NaN,797.813545094215,0,7.5093267611237e-05,14.9451499281358,1.06927773012331,0.00317496031299609,0,800.000000000002,3313.6943134201,0,80000,0.2,15,0.0315338098976248
SST,case10,baseline,1.25e-05,NaN,797.813544306045,0,1.81684895466105e-05,14.9725636003829,1.06929949819431,0.00318123011731177,0,800.000000000004,3313.69405276889,0,80000,0.2,15,0.0314637970332838
SST,case11,baseline,2.5e-05,0.681125,797.813545094215,108887.500000015,7.48312842304699e-05,14.9999999999256,1.01498731204998,0,0,800.000000462393,2806.13269066312,2,80000,0.4,-15,0.514015867017429
SST,case11,baseline,1.25e-05,0.6811125,797.813544306045,108888.750000002,1.85785988762177e-05,14.999999999963,1.01498731210953,0,0,800.000000462569,2806.14510542333,2,80000,0.4,-15,0.513979512394702
SST,case01,ramp20ms,2.5e-05,NaN,797.813545094217,0,5.9956806808259e-07,3.58257679320051e-10,1.12665369543803,0.0177872776590293,0,799.999999999998,3320.02277749195,0,60000,0.3,0,0.235209685426995
SST,case01,ramp20ms,1.25e-05,NaN,797.81354430604,0,2.35908714785182e-08,6.12294942837905e-10,1.12668489611026,0.0177936387897576,0,799.999999999998,3320.02305617591,0,60000,0.3,0,0.235140161894321
SST,case02,ramp20ms,2.5e-05,NaN,797.813545094212,0,2.55740630450418e-07,3.58257679320051e-10,1.00400754639059,0,0,800,3315.89695604865,0,40000,0.3,0,0.23472770528786
SST,case02,ramp20ms,1.25e-05,NaN,797.813544306041,0,2.15114468460342e-08,6.12294942837905e-10,1.00400754658672,0,0,799.999999999999,3315.8969560192,0,40000,0.3,0,0.234658179996619
SST,case03,ramp20ms,2.5e-05,0.6866,797.813545094216,106340.000000013,7.48375807546608e-05,3.58257679320051e-10,1.00400897763592,0,0,800.00000032886,2806.52230614205,2,80000,0.3,0,0.33112545797699
SST,case03,ramp20ms,1.25e-05,0.6865875,797.813544306043,106341.250000002,1.85831871206688e-05,6.12294942837905e-10,1.00400897785368,0,0,800.000000328988,2806.53471946176,2,80000,0.3,0,0.331112813627424
SST,case04,ramp20ms,2.5e-05,NaN,797.813545094217,0,2.86327129117581e-07,3.58257679320051e-10,1.00400820498609,0,0,800.000000000002,3309.28654296817,0,60000,0.2,0,0.23340597318916
SST,case04,ramp20ms,1.25e-05,NaN,797.81354430604,0,1.07786055636439e-08,6.12294942837905e-10,1.00400820506516,0,0,799.999999999999,3309.28634540929,0,60000,0.2,0,0.23333620512397
SST,case05,ramp20ms,2.5e-05,0.756325,797.813545094217,76493.999999994,8.38188658747185e-06,3.58257679320051e-10,1.00400820498609,0,0,800.000000004285,2806.53284143973,2,60000,0.4,0,0.488477085064705
SST,case05,ramp20ms,1.25e-05,0.756325,797.81354430604,76494.0000000007,2.04810625348273e-06,6.12294942837905e-10,1.00400820506516,0,0,800.000000004285,2806.52953772479,2,60000,0.4,0,0.488372927593845
SST,case06,ramp20ms,2.5e-05,NaN,797.813545094217,0,5.56594244471853e-07,14.9999999999256,1.12338111168954,0.0177872776590293,0,800.000000000001,3319.99564830751,0,60000,0.3,-15,0.235209685426995
SST,case06,ramp20ms,1.25e-05,NaN,797.81354430604,0,2.49277434249962e-08,14.9999999999614,1.12339686402555,0.0177561390241311,0,799.999999999998,3319.99574792668,0,60000,0.3,-15,0.235140161894321
SST,case07,ramp20ms,2.5e-05,NaN,797.813545094217,0,5.67341658097575e-07,15.0000000000754,1.12999166975493,0.017849776877789,0,800.000000000001,3320.0685569373,0,60000,0.3,15,0.235209685426995
SST,case07,ramp20ms,1.25e-05,NaN,797.81354430604,0,2.58967389754616e-08,15.0000000000396,1.13000854045723,0.0178623883600727,0,800.000000000008,3320.06769060961,0,60000,0.3,15,0.235140161894321
SST,case08,ramp20ms,2.5e-05,NaN,797.813545094212,0,3.66186100109189e-07,14.9451499279843,1.00400754639059,0,0,799.999999999999,3307.10477366122,0,40000,0.2,-15,0.232924810917986
SST,case08,ramp20ms,1.25e-05,NaN,797.813544306041,0,6.25771150453147e-08,14.9725636003064,1.00400754658672,0,0,799.999999999997,3307.10463592673,0,40000,0.2,-15,0.232855041204392
SST,case09,ramp20ms,2.5e-05,NaN,797.813545094212,0,5.28394750176631e-07,15.0000000000754,1.07647611805051,0.0150623117211035,0,800.000000000001,3326.80960393557,0,40000,0.4,15,0.235353076755808
SST,case09,ramp20ms,1.25e-05,NaN,797.813544306041,0,3.42370327643948e-08,15.0000000000379,1.07649018664202,0.0150624058599634,0,799.999999999996,3326.81029805163,0,40000,0.4,15,0.235283509947215
SST,case10,ramp20ms,2.5e-05,NaN,797.813545094216,0,6.34011044553517e-07,14.9451499281358,1.00400897763592,0.00652491843851952,0,800.000000000001,3312.26362072274,0,80000,0.2,15,0.234536951906212
SST,case10,ramp20ms,1.25e-05,NaN,797.813544306043,0,7.81233211455401e-08,14.9725636003829,1.00400897785368,0.00654370910181811,0,799.999999999996,3312.26325445869,0,80000,0.2,15,0.234467177543454
SST,case11,ramp20ms,2.5e-05,0.6866,797.813545094216,108340.000000014,7.48375807546608e-05,14.9999999999256,1.00400897763592,0,0,800.00000032886,2806.52230614205,2,80000,0.4,-15,0.709391203948984
SST,case11,ramp20ms,1.25e-05,0.6865875,797.813544306043,108341.250000002,1.85831871206688e-05,14.999999999963,1.00400897785368,0,0,800.000000328988,2806.53471946176,2,80000,0.4,-15,0.709337820377275
LFT_matched,case01,baseline,2.5e-05,NaN,667.972336162963,0,3.96156281112781e-07,3.58257679320051e-10,1.01497358668286,0,0,806.93710523422,3300,0,60000,0.3,0,0.032961199472861
LFT_matched,case01,baseline,1.25e-05,NaN,667.972324989675,0,3.08630960788037e-08,6.12294942837905e-10,1.01497358674157,0,0,806.937200814149,3300,0,60000,0.3,0,0.03289138173689
LFT_matched,case02,baseline,2.5e-05,NaN,704.798537970059,0,3.1824980339934e-07,3.58257679320051e-10,1.01496378532758,0,0,805.403091279992,3300,0,40000,0.3,0,0.0329611994743384
LFT_matched,case02,baseline,1.25e-05,NaN,704.798537969339,0,1.40226319444992e-08,6.12294942837905e-10,1.01496378538542,0,0,805.403091280071,3300,0,40000,0.3,0,0.0328913817370024
LFT_matched,case03,baseline,2.5e-05,0.684,639.998389865312,106600.000000013,7.48058941439922e-05,3.58257679320051e-10,1.01498731204998,0,0,639.998389865312,3300,1,80000,0.3,0,0.132996628761924
LFT_matched,case03,baseline,1.25e-05,0.6839875,639.999770092643,106601.250000002,2.04717061080828e-06,6.12294942837905e-10,1.01498731210953,0,0,639.999770092643,3300,1,80000,0.3,0,0.132996030388208
LFT_matched,case04,baseline,2.5e-05,NaN,716.582997655657,0,7.03830283796947e-05,3.58257679320051e-10,1.01497358668286,0,0,803.356916902085,3300,0,60000,0.2,0,0.0315338098990372
LFT_matched,case04,baseline,1.25e-05,NaN,716.583966317826,0,1.7001353128876e-05,6.12294942837905e-10,1.01497358674157,0,0,803.356852525188,3300,0,60000,0.2,0,0.0314637970333902
LFT_matched,case05,baseline,2.5e-05,0.754875,639.99810811546,76609.999999994,8.38605730280051e-06,3.58257679320051e-10,1.01497358668286,0,0,639.99810811546,3300,1,60000,0.4,0,0.288050138367027
LFT_matched,case05,baseline,1.25e-05,0.754875,639.999200536023,76610.0000000007,1.85224387081462e-05,6.12294942837905e-10,1.01497358674157,0,0,639.999200536023,3300,1,60000,0.4,0,0.287890473410071
LFT_matched,case06,baseline,2.5e-05,NaN,668.136252193724,0,3.88460179578942e-07,14.9999999999256,1.01497358668286,0,0,806.928757195533,3300,0,60000,0.3,-15,0.032961199472861
LFT_matched,case06,baseline,1.25e-05,NaN,668.136252192935,0,3.08630960788037e-08,14.9999999999614,1.01497358674157,0,0,806.928788994112,3300,0,60000,0.3,-15,0.03289138173689
LFT_matched,case07,baseline,2.5e-05,NaN,667.758929673006,0,4.01364957269834e-07,15.0000000000754,1.01497358668286,0,0,806.9497890517,3300,0,60000,0.3,15,0.032961199472861
LFT_matched,case07,baseline,1.25e-05,NaN,667.758914824559,0,3.08630960788037e-08,15.0000000000396,1.01497358674157,0,0,806.949757100313,3300,0,60000,0.3,15,0.03289138173689
LFT_matched,case08,baseline,2.5e-05,NaN,739.852330526032,0,5.37751828133537e-05,14.9451499279843,1.01496378532758,0,0,802.510703129217,3300,0,40000,0.2,-15,0.0315338099004493
LFT_matched,case08,baseline,1.25e-05,NaN,739.853042608566,0,1.29948915841283e-05,14.9725636003064,1.01496378538542,0,0,802.510656250227,3300,0,40000,0.2,-15,0.0314637970334967
LFT_matched,case09,baseline,2.5e-05,NaN,667.854274488281,0,3.96186578655033e-07,15.0000000000754,1.0150057349485,0,0,808.940177283891,3300,0,40000,0.4,15,0.0334533311961508
LFT_matched,case09,baseline,1.25e-05,NaN,667.854264133671,0,1.87563387044065e-08,15.0000000000379,1.01500573828958,0,0,808.940177284111,3300,0,40000,0.4,15,0.0333834807942418
LFT_matched,case10,baseline,2.5e-05,NaN,692.329605097128,0,7.50568930385498e-05,14.9451499281358,1.01498731204998,0,0,804.269176976898,3300,0,80000,0.2,15,0.0315338098976248
LFT_matched,case10,baseline,1.25e-05,NaN,692.330858549302,0,1.81418262599209e-05,14.9725636003829,1.01498731210953,0,0,804.269085595126,3300,0,80000,0.2,15,0.0314637970332838
LFT_matched,case11,baseline,2.5e-05,0.684,639.998389865312,108600.000000015,7.48058941439922e-05,14.9999999999256,1.01498731204998,0,0,639.998389865312,3300,1,80000,0.4,-15,0.507769653894724
LFT_matched,case11,baseline,1.25e-05,0.6839875,639.999770092643,108601.250000002,2.04717061080828e-06,14.999999999963,1.01498731210953,0,0,639.999770092643,3300,1,80000,0.4,-15,0.507749457578013
LFT_matched,case01,ramp20ms,2.5e-05,NaN,666.279759222043,0,3.44048459055557e-07,3.58257679320051e-10,1.00400820498609,0,0,806.197728905205,3300,0,60000,0.3,0,0.235209685426999
LFT_matched,case01,ramp20ms,1.25e-05,NaN,666.279757588573,0,2.14091393502258e-08,6.12294942837905e-10,1.00400820506516,0,0,806.19769641025,3300,0,60000,0.3,0,0.235140161894323
LFT_matched,case02,ramp20ms,2.5e-05,NaN,704.043926450151,0,2.67507509477127e-07,3.58257679320051e-10,1.00400754639059,0,0,804.954160641,3300,0,40000,0.3,0,0.23472770528786
LFT_matched,case02,ramp20ms,1.25e-05,NaN,704.043926473989,0,1.30054047531303e-08,6.12294942837905e-10,1.00400754658672,0,0,804.954160631838,3300,0,40000,0.3,0,0.234658179996619
LFT_matched,case03,ramp20ms,2.5e-05,0.689675,639.996033580927,106032.500000013,7.4834784442146e-05,3.58257679320051e-10,1.00400897763592,0,0,639.996033580927,3300,1,80000,0.3,0,0.306859453371762
LFT_matched,case03,ramp20ms,1.25e-05,0.6896625,639.997413789116,106033.750000002,2.04664802794241e-06,6.12294942837905e-10,1.00400897785368,0,0,639.997413789116,3300,1,80000,0.3,0,0.306918381885833
LFT_matched,case04,ramp20ms,2.5e-05,NaN,715.000565361703,0,2.66265736570404e-07,3.58257679320051e-10,1.00400820498609,0,0,802.894943558643,3300,0,60000,0.2,0,0.233405973189164
LFT_matched,case04,ramp20ms,1.25e-05,NaN,715.001544979504,0,2.14091393502258e-08,6.12294942837905e-10,1.00400820506516,0,0,802.894881998486,3300,0,60000,0.2,0,0.233336205123972
LFT_matched,case05,ramp20ms,2.5e-05,0.760175,639.996064547915,76185.999999994,8.36084167588069e-06,3.58257679320051e-10,1.00400820498609,0,0,639.996064547915,3300,1,60000,0.4,0,0.466197474731004
LFT_matched,case05,ramp20ms,1.25e-05,0.760175,639.99715700391,76186.0000000007,1.85328324988632e-05,6.12294942837905e-10,1.00400820506516,0,0,639.99715700391,3300,1,60000,0.4,0,0.46609671419921
LFT_matched,case06,ramp20ms,2.5e-05,NaN,666.921332344996,0,3.4682587113366e-07,14.9999999999256,1.00400820498609,0,0,806.182567908732,3300,0,60000,0.3,-15,0.235209685426999
LFT_matched,case06,ramp20ms,1.25e-05,NaN,666.921331249549,0,2.14091393502258e-08,14.9999999999614,1.00400820506516,0,0,806.182470767332,3300,0,60000,0.3,-15,0.235140161894323
LFT_matched,case07,ramp20ms,2.5e-05,NaN,665.600592813789,0,3.49747949712764e-07,15.0000000000754,1.00400820498609,0,0,806.213740986798,3300,0,60000,0.3,15,0.235209685426999
LFT_matched,case07,ramp20ms,1.25e-05,NaN,665.600591829586,0,2.14091393502258e-08,15.0000000000396,1.00400820506516,0,0,806.213773632811,3300,0,60000,0.3,15,0.235140161894323
LFT_matched,case08,ramp20ms,2.5e-05,NaN,739.256959165174,0,3.7950794506969e-07,14.9451499279843,1.00400754639059,0,0,802.214998768175,3300,0,40000,0.2,-15,0.232924810917986
LFT_matched,case08,ramp20ms,1.25e-05,NaN,739.257656124547,0,5.29787698155815e-08,14.9725636003064,1.00400754658672,0,0,802.214955841468,3300,0,40000,0.2,-15,0.232855041204392
LFT_matched,case09,ramp20ms,2.5e-05,NaN,666.465235139524,0,3.40183987646014e-07,15.0000000000754,1.00400754639059,0,0,808.635139680701,3300,0,40000,0.4,15,0.235353076755808
LFT_matched,case09,ramp20ms,1.25e-05,NaN,666.465235108411,0,1.68823675039675e-08,15.0000000000379,1.00400754658672,0,0,808.635139694969,3300,0,40000,0.4,15,0.235283509947216
LFT_matched,case10,ramp20ms,2.5e-05,NaN,688.881859985304,0,6.05950930321342e-07,14.9451499281358,1.00400897763592,0,0,803.814951442031,3300,0,80000,0.2,15,0.234536951906212
LFT_matched,case10,ramp20ms,1.25e-05,NaN,688.883131378014,0,5.73076164300801e-08,14.9725636003829,1.00400897785368,0,0,803.814895951706,3300,0,80000,0.2,15,0.234467177543458
LFT_matched,case11,ramp20ms,2.5e-05,0.689675,639.996033580927,108032.500000014,7.4834784442146e-05,14.9999999999256,1.00400897763592,0,0,639.996033580927,3300,1,80000,0.4,-15,0.700884121497297
LFT_matched,case11,ramp20ms,1.25e-05,0.6896625,639.997413789116,108033.750000002,2.04664802794241e-06,14.999999999963,1.00400897785368,0,0,639.997413789116,3300,1,80000,0.4,-15,0.700885041511211
